,Unnamed: 0,EVENT_ID,osm
0,0,200363,1634
1,1,200364,629
2,2,200366,45
3,3,200369,13
4,4,200370,13
5,5,206405,2
6,6,203911,3938
7,7,203912,1065
8,8,200498,3
9,9,200499,507
10,10,206702,2230
11,11,206703,101
12,12,206705,15
13,13,199169,246
14,14,200409,37
15,15,200410,3
16,16,200411,1
17,17,200412,4
18,18,200413,8
19,19,200415,79
20,20,201416,6
21,21,201417,10
22,22,198739,3
23,23,199207,4
24,24,200490,24
25,25,186658,587
26,26,200268,3
27,27,200269,4
28,28,183737,101
29,29,202215,123
30,30,202216,127
31,31,203393,5
32,32,203396,8
33,33,200270,5
34,34,200271,4
35,35,200272,11
36,36,200274,9
37,37,202269,20
38,38,202271,12
39,39,197318,9
40,40,197319,7
41,41,202209,163
42,42,181974,31
43,43,202212,127
44,44,202213,123
45,45,202214,163
46,46,200408,2
47,47,200267,5
48,48,169699,16
49,49,202019,5
50,50,202021,13
51,51,197967,6
52,52,197975,7
53,53,198427,39
54,54,202022,7
55,55,202856,1
56,56,203909,784
57,57,203910,2357
58,58,200296,14
59,59,200396,5
60,60,200492,179
61,61,200493,6
62,62,200494,2
63,63,200495,8
64,64,200497,5
65,65,186491,185
66,66,186494,1345
67,67,199742,470
68,68,198397,7
69,69,198398,5
70,70,201356,848
71,71,201357,152
72,72,207583,35
73,73,207584,43
74,74,201849,13
75,75,206400,12
76,76,206401,24
77,77,206402,4
78,78,207431,41
79,79,201358,48
80,80,201359,446
81,81,198391,17
82,82,198392,37
83,83,198393,0
84,84,196308,281
85,85,196312,185
86,86,199690,5
87,87,200151,13
88,88,199528,1634
89,89,198394,243
90,90,198395,0
91,91,201412,80
92,92,201413,18
93,93,201414,10
94,94,201415,6
95,95,208311,7
96,96,199214,0
97,97,208712,17
98,98,203045,2
99,99,203046,3
100,100,203050,1
101,101,146440,65
102,102,146445,26
103,103,146500,3
104,104,146503,103
105,105,146504,3808
106,106,146505,39
107,107,146507,4
108,108,203047,16
109,109,199906,4
110,110,199907,6
111,111,199908,1
112,112,149147,17
113,113,149148,6
114,114,149149,14
115,115,149150,4
116,116,149151,22
117,117,149152,3
118,118,203041,265
119,119,206790,5
120,120,201981,9
121,121,202262,6
122,122,202410,20
123,123,149141,12
124,124,149142,155
125,125,149143,5
126,126,199918,0
127,127,151426,4
128,128,151428,9
129,129,151429,3
130,130,205602,9
131,131,204647,257
132,132,204648,282
133,133,204649,667
134,134,204650,92
135,135,172707,183
136,136,172708,0
137,137,149145,6
138,138,149146,131
139,139,172701,24
140,140,172706,91
141,141,199919,2
142,142,172709,53
143,143,150691,0
144,144,201676,4
145,145,146509,78
146,146,146510,14
147,147,146511,4
148,148,209012,6
149,149,203048,47
150,150,141617,9
151,151,141618,11
152,152,141624,9
153,153,200603,3
154,154,200604,4
155,155,146433,654
156,156,208703,2
157,157,208705,6
158,158,208709,17
159,159,199910,6
160,160,196171,77
161,161,196180,4
162,162,196182,9
163,163,196184,8
164,164,196190,9
165,165,196193,348
166,166,147907,7
167,167,204645,199
168,168,204646,260
169,169,174729,76
170,170,197156,40
171,171,152654,3
172,172,152652,201
173,173,208329,629
174,174,196158,8
175,175,196160,5
176,176,196162,2
177,177,208673,64
178,178,201980,10
179,179,196165,124
180,180,196166,1
181,181,196172,61
182,182,208687,5
183,183,172663,8
184,184,196802,14
185,185,197322,4
186,186,197341,28
187,187,207429,29
188,188,198919,8
189,189,199090,98
190,190,199092,4
191,191,196803,5
192,192,196805,238
193,193,196854,7
194,194,196855,7
195,195,196856,2
196,196,196925,3
197,197,207602,1
198,198,202341,8
199,199,202355,41
200,200,161775,22
201,201,157247,7
202,202,156281,5
203,203,161516,964
204,204,145886,2
205,205,157252,15
206,206,156282,207
207,207,156283,10
208,208,156284,1
209,209,161517,68
210,210,156883,2
211,211,156903,2
212,212,156904,17
213,213,207930,4
214,214,160969,8
215,215,157302,2
216,216,155392,3
217,217,163358,4
218,218,207933,0
219,219,157251,15
220,220,174915,5
221,221,174917,6
222,222,159214,14
223,223,159215,21
224,224,144656,10
225,225,157250,6
226,226,148698,5
227,227,153235,52
228,228,202351,5
229,229,159216,2
230,230,159219,305
231,231,156682,18
232,232,156697,904
233,233,161518,932
234,234,161519,52
235,235,202356,7
236,236,202361,7
237,237,204159,26
238,238,156699,251
239,239,156910,8
240,240,157248,7
241,241,197709,17
242,242,157245,87
243,243,156905,17
244,244,156906,5
245,245,156907,7
246,246,153231,15
247,247,153233,639
248,248,202337,2
249,249,156059,3
250,250,161515,471
251,251,156387,14
252,252,159222,1
253,253,157045,31
254,254,157049,38
255,255,156868,133
256,256,156869,12
257,257,161520,4
258,258,156872,61
259,259,163351,54
260,260,161521,51
261,261,156062,26
262,262,161499,23
263,263,161500,340
264,264,161501,37
265,265,161506,171
266,266,163756,3
267,267,149949,0
268,268,149952,3
269,269,161512,485
270,270,172988,62
271,271,156275,3
272,272,156276,3
273,273,171743,0
274,274,171408,4
275,275,172990,2234
276,276,173002,1
277,277,156279,6
278,278,162996,18
279,279,163696,15
280,280,162757,8
281,281,162759,272
282,282,162768,239
283,283,171686,50
284,284,164101,1
285,285,163697,5
286,286,162769,15
287,287,162771,272
288,288,162772,34
289,289,162773,22
290,290,172972,53
291,291,159196,103
292,292,172983,820
293,293,157367,21
294,294,157373,3
295,295,164712,6
296,296,164715,59
297,297,159197,300
298,298,159199,75
299,299,159201,2984
300,300,159202,339
301,301,159282,24
302,302,159295,2
303,303,159300,2
304,304,160326,7
305,305,162744,113
306,306,159138,5
307,307,176140,5
308,308,176149,14
309,309,159139,3
310,310,156067,20
311,311,156068,42
312,312,156069,102
313,313,157656,6
314,314,157657,6
315,315,156223,21
316,316,156233,6
317,317,160978,4
318,318,160980,36
319,319,160984,17
320,320,160985,11
321,321,160994,282
322,322,160995,99
323,323,156237,1
324,324,156063,43
325,325,165233,3
326,326,161514,142
327,327,161058,0
328,328,161061,2
329,329,161062,13
330,330,161495,4
331,331,161510,18
332,332,159795,43
333,333,159796,4
334,334,157307,3
335,335,156064,139
336,336,156065,29
337,337,156066,19
338,338,150102,9
339,339,157493,1
340,340,159929,5
341,341,159930,12
342,342,159937,0
343,343,160986,7
344,344,160987,158
345,345,160988,10
346,346,160990,9
347,347,156242,21
348,348,156249,5
349,349,156250,5
350,350,160992,12
351,351,160581,12
352,352,160582,4
353,353,207226,3
354,354,161029,1
355,355,156251,0
356,356,156058,4
357,357,156060,120
358,358,156061,327
359,359,166187,39
360,360,162949,3
361,361,156736,186
362,362,156737,326
363,363,160114,2
364,364,160115,8
365,365,160207,46
366,366,168244,4
367,367,192642,0
368,368,152608,1
369,369,214138,0
370,370,168248,4
371,371,168253,15
372,372,168254,5
373,373,168269,7
374,374,214140,0
375,375,161431,8
376,376,162968,9
377,377,162969,187
378,378,168242,21
379,379,149839,6
380,380,168243,1
381,381,154667,7
382,382,154670,60
383,383,156183,2
384,384,193382,4
385,385,151403,4
386,386,156738,173
387,387,154656,17
388,388,154659,3
389,389,154660,11
390,390,154673,62
391,391,156740,52
392,392,156741,27
393,393,192661,2
394,394,162763,7
395,395,159193,1256
396,396,159195,232
397,397,155271,5
398,398,155272,0
399,399,155276,9
400,400,193117,10
401,401,155062,11
402,402,164470,0
403,403,228427,4
404,404,157559,7
405,405,157565,4
406,406,157566,9
407,407,157567,5
408,408,157568,0
409,409,172527,10
410,410,157569,17
411,411,157570,3
412,412,157469,7
413,413,166278,143
414,414,166281,6
415,415,160099,39
416,416,160111,5
417,417,160845,1634
418,418,166592,4
419,419,166598,12
420,420,166600,597
421,421,149119,4
422,422,168235,2
423,423,168238,0
424,424,168476,10
425,425,168478,0
426,426,160848,8
427,427,160853,3
428,428,160855,6
429,429,160858,261
430,430,166595,21
431,431,162624,14
432,432,152631,17
433,433,147904,7
434,434,203051,6
435,435,208738,0
436,436,172002,10
437,437,203055,17
438,438,208596,3
439,439,196040,18
440,440,196052,4
441,441,196081,2
442,442,196087,6
443,443,203053,2
444,444,203054,6
445,445,171952,70
446,446,171956,88
447,447,171958,4
448,448,203229,6
449,449,163209,5
450,450,166728,10
451,451,167693,4
452,452,167692,4
453,453,166553,0
454,454,169176,3
455,455,177004,55
456,456,166710,9
457,457,174714,91
458,458,174719,91
459,459,169526,7
460,460,169527,10
461,461,170546,9
462,462,166692,3
463,463,170548,4
464,464,170549,4
465,465,170550,12
466,466,170182,10
467,467,170183,3
468,468,170186,3
469,469,170187,3
470,470,166712,60
471,471,175337,14
472,472,161156,6
473,473,167914,21
474,474,167816,11
475,475,171859,4
476,476,173016,3
477,477,173018,6
478,478,168533,6
479,479,168542,16
480,480,168545,12
481,481,176741,4
482,482,176830,8
483,483,166703,18
484,484,175340,4
485,485,173900,7
486,486,173901,19
487,487,173903,30
488,488,172821,12
489,489,175243,8
490,490,172576,105
491,491,166684,5
492,492,167933,9
493,493,167934,3
494,494,168504,8
495,495,169189,740
496,496,169195,1428
497,497,169196,2237
498,498,169197,779
499,499,167504,93
500,500,164729,13
501,501,164730,270
502,502,175330,1
503,503,172594,8
504,504,172596,20
505,505,172598,5
506,506,170035,1074
507,507,169533,11
508,508,169990,7
509,509,168506,8
510,510,166701,6
511,511,172569,18
512,512,172570,594
513,513,172571,23
514,514,172572,27
515,515,179566,23
516,516,172597,62
517,517,176985,19
518,518,161137,10
519,519,170074,14
520,520,170175,3
521,521,166693,3
522,522,171873,5
523,523,172573,14
524,524,172574,9
525,525,168532,2
526,526,168535,5
527,527,168874,2
528,528,179586,8
529,529,179587,21
530,530,179661,2885
531,531,173081,2
532,532,173090,20
533,533,173092,4
534,534,172605,1
535,535,172611,76
536,536,182243,33
537,537,182245,23
538,538,167920,6
539,539,170181,10
540,540,166694,11
541,541,172567,93
542,542,168883,81
543,543,168884,11
544,544,171893,23
545,545,172702,4
546,546,166689,3
547,547,176287,6
548,548,169907,19
549,549,172568,19
550,550,190169,1367
551,551,167775,90
552,552,167707,2
553,553,174182,188
554,554,166690,11
555,555,169991,9
556,556,173021,98
557,557,173025,1
558,558,173031,10
559,559,169209,1
560,560,161152,18
561,561,161154,13
562,562,167779,172
563,563,179014,8
564,564,179429,1
565,565,179431,0
566,566,175335,2
567,567,175761,5
568,568,167694,8
569,569,174566,6
570,570,174584,43
571,571,169415,10
572,572,158163,27
573,573,158164,19
574,574,158165,9
575,575,179660,51
576,576,179666,11
577,577,166725,42
578,578,175819,7
579,579,166540,65
580,580,172616,3
581,581,172617,1
582,582,172618,3
583,583,175268,3
584,584,169992,1
585,585,170481,9
586,586,170547,0
587,587,166726,3
588,588,177757,14
589,589,166634,2
590,590,166635,86
591,591,166551,5
592,592,166729,4
593,593,166529,131
594,594,167676,2
595,595,169410,3
596,596,165941,853
597,597,166723,10
598,598,166724,162
599,599,179763,5
600,600,174565,25
601,601,167937,1
602,602,167695,8
603,603,167699,0
604,604,176988,35
605,605,167923,12
606,606,170393,1
607,607,179798,10
608,608,175804,7
609,609,175811,3
610,610,166539,50
611,611,166727,63
612,612,173899,22
613,613,167705,9
614,614,167930,16
615,615,190176,92
616,616,189436,106
617,617,187760,5
618,618,186634,62
619,619,186635,15
620,620,177888,31
621,621,191178,18
622,622,191180,64
623,623,178431,3
624,624,176882,3
625,625,171037,3
626,626,181191,63
627,627,189426,0
628,628,186668,9
629,629,186670,34
630,630,186672,51
631,631,186674,95
632,632,190970,7
633,633,190971,15
634,634,169387,0
635,635,169184,22
636,636,185919,16
637,637,179771,1
638,638,188237,0
639,639,188627,7
640,640,190531,33
641,641,186537,11
642,642,186539,6
643,643,186541,14
644,644,162679,5
645,645,162680,0
646,646,162681,2
647,647,190180,0
648,648,190181,11
649,649,163797,5
650,650,190486,179
651,651,186800,5
652,652,187899,13
653,653,187901,13
654,654,187903,137
655,655,186534,20
656,656,188286,96
657,657,180373,14
658,658,161240,25
659,659,186637,14
660,660,191120,3
661,661,189899,147
662,662,189938,124
663,663,189940,13
664,664,189943,307
665,665,187765,42
666,666,180326,3
667,667,180328,2
668,668,180334,3
669,669,180336,9
670,670,161176,8
671,671,185740,4
672,672,179944,4
673,673,179898,9
674,674,179902,7
675,675,161181,0
676,676,161231,26
677,677,161247,32
678,678,185778,67
679,679,186633,89
680,680,188157,12
681,681,174875,3
682,682,186667,297
683,683,189944,83
684,684,189949,8
685,685,189953,198
686,686,190256,330
687,687,168439,7
688,688,177136,19
689,689,187589,163
690,690,187603,27
691,691,190273,464
692,692,190170,143
693,693,190171,53
694,694,190173,6
695,695,190175,133
696,696,188169,9
697,697,191955,120
698,698,180531,14
699,699,180532,0
700,700,168365,46
701,701,188338,4
702,702,180473,5
703,703,191621,3
704,704,190294,1
705,705,165992,19
706,706,165994,12
707,707,165995,1
708,708,166002,12
709,709,170633,13
710,710,170634,9
711,711,191477,2
712,712,186198,232
713,713,186200,339
714,714,177784,6
715,715,166001,19
716,716,185889,2
717,717,185893,18
718,718,178108,0
719,719,192318,510
720,720,191488,17
721,721,190205,78
722,722,190552,104
723,723,175850,3
724,724,175877,9
725,725,187816,542
726,726,187818,5
727,727,181047,128
728,728,188535,1
729,729,193612,8
730,730,183984,8
731,731,191413,39
732,732,170885,4
733,733,170887,1
734,734,190296,17
735,735,188525,3
736,736,188534,0
737,737,192171,3
738,738,192782,21
739,739,180385,3
740,740,180386,1
741,741,180397,1
742,742,180403,8
743,743,192182,11
744,744,180440,3
745,745,180443,8
746,746,190550,591
747,747,190551,1418
748,748,191478,310
749,749,192178,21
750,750,190855,1
751,751,190866,3
752,752,192623,8
753,753,171987,667
754,754,171988,99
755,755,171989,446
756,756,171993,1392
757,757,182819,12
758,758,191459,868
759,759,191469,16
760,760,192602,2
761,761,192603,2
762,762,192604,1
763,763,169711,3
764,764,169716,2
765,765,171365,59
766,766,171982,121
767,767,171985,622
768,768,171995,236
769,769,171998,1094
770,770,172000,438
771,771,189901,20
772,772,170711,7
773,773,191418,67
774,774,189569,6
775,775,189577,26
776,776,180477,4
777,777,170635,3
778,778,170642,6
779,779,186208,41
780,780,189895,2
781,781,188054,502
782,782,170667,24
783,783,170671,3
784,784,170676,10
785,785,187815,32
786,786,191407,179
787,787,191793,5
788,788,180162,500
789,789,183460,29
790,790,183463,57
791,791,183470,90
792,792,183475,24
793,793,188225,4
794,794,191849,190
795,795,183548,1
796,796,190807,112
797,797,188226,18
798,798,191886,0
799,799,191887,6
800,800,191888,11
801,801,191999,6
802,802,192073,277
803,803,192278,2
804,804,186183,154
805,805,186199,10
806,806,170944,30
807,807,170946,19
808,808,188793,878
809,809,188794,215
810,810,180518,5
811,811,188203,2
812,812,188204,0
813,813,188206,3
814,814,188212,15
815,815,189479,15
816,816,171299,18
817,817,188216,10
818,818,188218,5
819,819,180521,4
820,820,189493,2
821,821,190312,16
822,822,186353,21
823,823,191885,6
824,824,183553,5
825,825,183577,10
826,826,191781,7
827,827,192028,14
828,828,192029,11
829,829,192053,17
830,830,170959,2
831,831,170960,2
832,832,183601,54
833,833,183794,406
834,834,191953,124
835,835,192055,675
836,836,192065,10
837,837,180255,16
838,838,180256,2
839,839,180268,0
840,840,185656,12
841,841,192100,10
842,842,215428,38
843,843,215430,235
844,844,172745,7
845,845,172746,191
846,846,172750,23
847,847,172751,12
848,848,175717,3
849,849,176108,26
850,850,176341,16
851,851,153826,4
852,852,154051,25
853,853,173996,6
854,854,170086,0
855,855,154052,8
856,856,154053,67
857,857,175289,1
858,858,172599,14
859,859,172600,19
860,860,172602,2
861,861,172710,18
862,862,172719,9
863,863,172735,45
864,864,175287,8
865,865,172737,47
866,866,169073,5
867,867,169074,9
868,868,169075,4
869,869,176135,22
870,870,176346,9
871,871,149635,13
872,872,153823,7
873,873,153824,3
874,874,179662,10
875,875,179664,1043
876,876,173399,9
877,877,173400,2
878,878,173402,1
879,879,166722,2
880,880,153821,6
881,881,153822,4
882,882,155295,3
883,883,173407,2
884,884,173409,20
885,885,170604,19
886,886,170612,8
887,887,170613,99
888,888,170651,384
889,889,166718,32
890,890,156724,1
891,891,155179,2
892,892,155180,2
893,893,155182,17
894,894,170581,34
895,895,175318,69
896,896,166716,9
897,897,172738,16
898,898,172742,14
899,899,172743,34
900,900,209064,1660
901,901,156689,708
902,902,150600,38
903,903,150601,7
904,904,209065,744
905,905,156695,5
906,906,150602,15
907,907,193128,39
908,908,156713,7
909,909,150603,3
910,910,149632,23
911,911,149633,15
912,912,150597,56
913,913,150598,2
914,914,197582,3
915,915,197584,8
916,916,191525,14
917,917,173931,100
918,918,173932,100
919,919,186084,2
920,920,176076,6
921,921,184549,43
922,922,184552,189
923,923,185066,44
924,924,185272,4
925,925,185277,34
926,926,178312,46
927,927,179127,18
928,928,179131,2
929,929,184315,4
930,930,163219,7
931,931,176100,2
932,932,186033,4
933,933,186036,5
934,934,186037,4
935,935,185347,1
936,936,185348,1
937,937,185349,0
938,938,170566,14
939,939,179214,3
940,940,170568,4
941,941,160460,8
942,942,178236,29
943,943,178256,9
944,944,181332,21
945,945,180378,66
946,946,179818,28
947,947,170057,12
948,948,160690,5
949,949,160695,5
950,950,183117,3
951,951,187127,4
952,952,187128,11
953,953,186032,5
954,954,185021,144
955,955,185838,17
956,956,196372,2
957,957,179539,20
958,958,179804,3
959,959,180620,0
960,960,185350,1
961,961,178306,12
962,962,179994,5
963,963,179995,8
964,964,182686,3
965,965,197585,9
966,966,197586,5
967,967,194241,4
968,968,194261,732
969,969,194262,93
970,970,194263,539
971,971,167438,93
972,972,167447,1
973,973,167448,3
974,974,167449,7
975,975,191527,8
976,976,182429,2
977,977,182430,19
978,978,182431,49
979,979,182433,3
980,980,183669,11
981,981,184707,76
982,982,193767,695
983,983,193768,1677
984,984,194264,334
985,985,194266,732
986,986,192926,16
987,987,192933,55
988,988,192935,4
989,989,192944,37
990,990,183087,41
991,991,183090,3
992,992,187350,4
993,993,185873,88
994,994,185877,320
995,995,185927,5
996,996,185930,0
997,997,197325,50
998,998,192947,274
999,999,195564,1
1000,1000,177856,12
0,1001,177858,3
1,1002,177859,3
2,1003,177860,20
3,1004,177861,6
4,1005,177863,344
5,1006,197934,30
6,1007,197982,2
7,1008,198501,3
8,1009,184736,11
9,1010,181321,15
10,1011,180899,29
11,1012,197346,174
12,1013,167469,5
13,1014,191514,67
14,1015,191516,12
15,1016,191517,6
16,1017,191519,549
17,1018,191521,7
18,1019,188802,0
19,1020,188807,13
20,1021,188811,0
21,1022,195074,1205
22,1023,195075,6
23,1024,180904,3643
24,1025,178297,389
25,1026,178307,32
26,1027,178310,122
27,1028,167434,1
28,1029,167436,5
29,1030,192925,6
30,1031,177864,4
31,1032,177865,277
32,1033,177866,0
33,1034,177867,5
34,1035,184016,1
35,1036,179538,18
36,1037,176578,8
37,1038,177824,3
38,1039,175986,9
39,1040,173626,4
40,1041,173628,4
41,1042,173646,3
42,1043,203062,1182
43,1044,203068,2694
44,1045,201418,13
45,1046,201419,9
46,1047,202805,84
47,1048,200847,3024
48,1049,202305,327
49,1050,203299,11
50,1051,202499,191
51,1052,202945,30
52,1053,203096,371
53,1054,202502,101
54,1055,202111,41
55,1056,196799,2458
56,1057,202364,3678
57,1058,196800,3435
58,1059,203475,1149
59,1060,196776,30
60,1061,196798,3590
61,1062,203072,3412
62,1063,203073,3412
63,1064,202319,25
64,1065,202020,9
65,1066,141799,686
66,1067,200283,142
67,1068,184020,17
68,1069,184023,2
69,1070,184024,2
70,1071,179462,3
71,1072,179463,5
72,1073,173676,10
73,1074,182330,2
74,1075,182353,1
75,1076,182401,19
76,1077,182411,2
77,1078,184007,8
78,1079,179457,10
79,1080,179913,0
80,1081,184009,1
81,1082,185429,1
82,1083,185430,3
83,1084,203176,0
84,1085,200730,4
85,1086,203017,9
86,1087,203018,24
87,1088,200602,36
88,1089,203043,12
89,1090,199865,102
90,1091,203395,695
91,1092,202210,1087
92,1093,144655,10
93,1094,203564,457
94,1095,200595,752
95,1096,198003,11
96,1097,203989,29
97,1098,203988,457
98,1099,204244,462
99,1100,202306,23
100,1101,202344,22
101,1102,202941,7
102,1103,202942,4
103,1104,201979,146
104,1105,202275,70
105,1106,203675,102
106,1107,203668,3
107,1108,203670,176
108,1109,203672,49
109,1110,202211,53
110,1111,202217,53
111,1112,202295,27
112,1113,203074,2179
113,1114,203075,3143
114,1115,200704,49
115,1116,202501,657
116,1117,199881,4
117,1118,201362,2
118,1119,201340,5
119,1120,201364,4
120,1121,201343,109
121,1122,202936,4
122,1123,202792,12
123,1124,202940,20
124,1125,202307,36
125,1126,203200,0
126,1127,203201,73
127,1128,203015,12
128,1129,203016,18
129,1130,202324,18
130,1131,202329,41
131,1132,202347,7
132,1133,200314,11
133,1134,203039,4
134,1135,207394,51
135,1136,202335,3
136,1137,202349,1
137,1138,200729,15
138,1139,203076,2870
139,1140,203040,3
140,1141,202490,3
141,1142,201378,87
142,1143,201363,5
143,1144,202946,13
144,1145,197135,3
145,1146,203182,3
146,1147,202354,7
147,1148,197623,2
148,1149,202800,30
149,1150,202799,4
150,1151,203169,9
151,1152,197133,6
152,1153,200769,5
153,1154,203042,20
154,1155,202934,6
155,1156,170913,1
156,1157,197648,10
157,1158,192031,5
158,1159,192033,1
159,1160,192034,9
160,1161,192035,8
161,1162,196561,28
162,1163,190111,23
163,1164,190112,5
164,1165,190113,111
165,1166,190337,11
166,1167,190686,8
167,1168,191224,49
168,1169,195640,20
169,1170,193171,348
170,1171,193172,41
171,1172,194242,1360
172,1173,194252,9
173,1174,194573,2
174,1175,184000,4
175,1176,193173,968
176,1177,193174,152
177,1178,193220,16
178,1179,193223,170
179,1180,193224,117
180,1181,193225,15
181,1182,190811,30
182,1183,190814,22
183,1184,190815,2
184,1185,187370,9
185,1186,194189,1
186,1187,194190,0
187,1188,183845,4
188,1189,194359,1
189,1190,194360,3
190,1191,195608,44
191,1192,195636,19
192,1193,187484,2
193,1194,195764,1
194,1195,188561,7
195,1196,194710,22
196,1197,195637,8
197,1198,195641,20
198,1199,187452,20
199,1200,190650,6
200,1201,190803,381
201,1202,186729,2
202,1203,195949,1
203,1204,194695,7
204,1205,180213,70
205,1206,197578,2
206,1207,166498,649
207,1208,166510,4
208,1209,166511,12
209,1210,187062,7
210,1211,195605,138
211,1212,176502,11
212,1213,193848,7
213,1214,191483,44
214,1215,197581,8
215,1216,166512,24
216,1217,193507,6
217,1218,188902,13
218,1219,190393,642
219,1220,195607,7
220,1221,193785,11
221,1222,191969,648
222,1223,190370,8
223,1224,190560,1
224,1225,190565,8
225,1226,193236,4
226,1227,193226,23
227,1228,190295,1
228,1229,190297,2
229,1230,190298,2
230,1231,175941,13
231,1232,186742,249
232,1233,192948,992
233,1234,194525,32
234,1235,194528,1
235,1236,194530,523
236,1237,188578,3
237,1238,193154,44
238,1239,193155,97
239,1240,193156,20
240,1241,193157,1913
241,1242,193159,140
242,1243,193162,1067
243,1244,193164,21
244,1245,188133,6
245,1246,192612,0
246,1247,192613,2
247,1248,192614,2
248,1249,171352,0
249,1250,192949,4
250,1251,192992,26
251,1252,195238,14
252,1253,191428,3
253,1254,194534,574
254,1255,194536,154
255,1256,193676,904
256,1257,193677,177
257,1258,193683,325
258,1259,193131,111
259,1260,193132,26
260,1261,188590,77
261,1262,188592,164
262,1263,197657,1
263,1264,193169,204
264,1265,192615,0
265,1266,192616,2
266,1267,196302,0
267,1268,196769,82
268,1269,193691,5
269,1270,193695,63
270,1271,187066,26
271,1272,187067,0
272,1273,197679,8
273,1274,189295,27
274,1275,191897,51
275,1276,189099,15
276,1277,197658,1
277,1278,197660,7
278,1279,197661,7
279,1280,197662,3
280,1281,166430,144
281,1282,195461,1
282,1283,195462,43
283,1284,195467,33
284,1285,195470,115
285,1286,170896,3
286,1287,196773,4
287,1288,196774,1
288,1289,196775,23
289,1290,196778,20
290,1291,187068,0
291,1292,187070,1
292,1293,192027,55
293,1294,192030,7
294,1295,197004,22
295,1296,189103,13
296,1297,189105,82
297,1298,166483,133
298,1299,166489,7
299,1300,166493,277
300,1301,188145,1
301,1302,188163,153
302,1303,188176,24
303,1304,187395,3
304,1305,194538,33
305,1306,194539,65
306,1307,194540,237
307,1308,193143,78
308,1309,193144,140
309,1310,193145,106
310,1311,193146,44
311,1312,193149,13
312,1313,193150,18
313,1314,193151,2
314,1315,176968,9
315,1316,186738,98
316,1317,192605,0
317,1318,192606,0
318,1319,192607,1
319,1320,192608,0
320,1321,193663,5
321,1322,196779,4
322,1323,197577,2
323,1324,195879,0
324,1325,193152,117
325,1326,191906,17
326,1327,192609,2
327,1328,192610,4
328,1329,192611,1
329,1330,166059,4
330,1331,166070,52
331,1332,166069,7
332,1333,200273,828
333,1334,208097,801
334,1335,200378,50
335,1336,198212,2
336,1337,197931,13
337,1338,198726,1
338,1339,198998,7
339,1340,200280,3
340,1341,198735,10
341,1342,167555,4158
342,1343,167556,2689
343,1344,167563,65
344,1345,167568,34
345,1346,167571,14
346,1347,206150,492
347,1348,206151,817
348,1349,206152,402
349,1350,188662,2
350,1351,198610,1207
351,1352,199447,11
352,1353,199470,2
353,1354,199472,15
354,1355,200312,411
355,1356,200309,10
356,1357,197469,1
357,1358,198052,15
358,1359,198053,4
359,1360,199976,3
360,1361,199982,3
361,1362,198371,85
362,1363,196891,56
363,1364,197470,3
364,1365,198089,6
365,1366,199967,3
366,1367,199971,28
367,1368,186953,4
368,1369,198093,64
369,1370,198094,13
370,1371,198095,10
371,1372,205352,1528
372,1373,205356,337
373,1374,206149,326
374,1375,199972,0
375,1376,197500,22
376,1377,197501,21
377,1378,197503,11
378,1379,186954,13
379,1380,186955,26
380,1381,186956,0
381,1382,186957,129
382,1383,199436,2
383,1384,197504,3
384,1385,198611,1207
385,1386,200561,139
386,1387,198515,5
387,1388,199286,14
388,1389,199306,786
389,1390,206704,79
390,1391,199439,2
391,1392,199442,22
392,1393,200310,338
393,1394,265066,85
394,1395,206153,291
395,1396,206154,314
396,1397,199443,47
397,1398,199444,155
398,1399,199445,11
399,1400,206155,168
0,1401,167456,53
1,1402,200563,143
2,1403,200571,609
3,1404,200572,19
4,1405,175081,2
5,1406,199973,97
6,1407,196071,7
7,1408,197894,5
8,1409,197897,8
9,1410,199383,48
10,1411,166072,10
11,1412,166074,9
12,1413,200414,1
13,1414,200416,5
14,1415,200417,4
15,1416,262542,23
16,1417,262543,18
17,1418,196997,26
18,1419,198239,2
19,1420,194025,16
20,1421,197505,4
21,1422,197445,0
22,1423,197896,2
23,1424,168403,5
24,1425,200894,146
25,1426,197488,1
26,1427,197489,2
27,1428,166192,102
28,1429,166203,28
29,1430,197496,0
30,1431,197506,7
31,1432,197507,8
32,1433,197508,18
33,1434,198734,32
34,1435,200136,15
35,1436,196074,4
36,1437,197053,2
37,1438,197056,6
38,1439,197058,10
39,1440,197903,2
40,1441,197925,10
41,1442,197920,92
42,1443,200279,12
43,1444,197813,37
44,1445,167218,11
45,1446,197497,10
46,1447,197502,1788
47,1448,198559,112
48,1449,187393,4
49,1450,200311,338
50,1451,200142,5
51,1452,200143,10
52,1453,197482,4
53,1454,200169,7
54,1455,197814,20
55,1456,199814,13
56,1457,198240,11
57,1458,198246,198
58,1459,198993,103
59,1460,199007,2
60,1461,199043,0
61,1462,200281,7
62,1463,197900,5
63,1464,197899,7
64,1465,197901,25
65,1466,199386,1813
66,1467,166076,11
67,1468,166077,4
68,1469,166180,18
69,1470,166182,0
70,1471,197490,0
71,1472,167551,31
72,1473,198214,58
73,1474,200278,10
74,1475,166190,55
75,1476,197491,2
76,1477,197493,6
77,1478,197495,3
78,1479,167294,3
79,1480,206545,21
80,1481,204001,4
81,1482,206030,2
82,1483,206879,8
83,1484,206397,12
84,1485,206660,3
85,1486,206668,183
86,1487,206672,165
87,1488,202004,9
88,1489,202006,3
89,1490,207521,442
90,1491,208491,9
91,1492,206678,292
92,1493,203020,84
93,1494,206880,6
94,1495,200365,13
95,1496,207496,1993
96,1497,207515,348
97,1498,203044,5
98,1499,203019,4
99,1500,201985,1
0,1501,147153,327
1,1502,147830,8
2,1503,207502,149
3,1504,206674,111
4,1505,206675,168
5,1506,206676,417
6,1507,203021,2
7,1508,206875,7
8,1509,202245,4
9,1510,206032,3
10,1511,206033,8
11,1512,206034,41
12,1513,204003,36
13,1514,204102,10
14,1515,202261,162
15,1516,204101,8
16,1517,203958,353
17,1518,196562,3
18,1519,147570,4
19,1520,207837,0
20,1521,207838,12
21,1522,207839,0
22,1523,209276,9
23,1524,209277,10
24,1525,209316,6
25,1526,147560,4
26,1527,208686,57
27,1528,208744,8
28,1529,210170,110
29,1530,206408,4
30,1531,209271,7
31,1532,209043,6
32,1533,210149,51
33,1534,210153,13
34,1535,207914,9
35,1536,202003,9
36,1537,208131,4
37,1538,209044,3
38,1539,208646,8
39,1540,209005,114
40,1541,210158,776
41,1542,207541,13
42,1543,201993,3
43,1544,207539,81
44,1545,207543,2
45,1546,210136,30
46,1547,262552,90
47,1548,262553,173
48,1549,262554,20
49,1550,207931,3
50,1551,210138,9
51,1552,210148,32
52,1553,202008,4
53,1554,208506,3
54,1555,208711,24
55,1556,262549,301
56,1557,262550,37
57,1558,262551,60
58,1559,206409,12
59,1560,202264,10
60,1561,208512,0
61,1562,208745,30
62,1563,208746,3
63,1564,208934,11
64,1565,206679,5
65,1566,206410,11
66,1567,206411,1
67,1568,207886,21
68,1569,210164,472
69,1570,210167,176
70,1571,209511,6
71,1572,199211,1
72,1573,199210,2
73,1574,199213,6
74,1575,200601,41
75,1576,207436,106
76,1577,202786,0
77,1578,207410,114
78,1579,207579,86
79,1580,209299,3
80,1581,147544,4
81,1582,207017,4
82,1583,147868,5
83,1584,147878,4
84,1585,202252,2
85,1586,209301,1
86,1587,209306,7
87,1588,207428,13
88,1589,207411,86
89,1590,207581,43
90,1591,207582,114
91,1592,207840,9
92,1593,209310,4
93,1594,207019,0
94,1595,206882,1
95,1596,208096,48
96,1597,205597,9
97,1598,206889,1
98,1599,202001,2
0,1601,207836,553
1,1602,147881,6
2,1603,147885,29
3,1604,209313,9
4,1605,209315,3
5,1606,203307,3351
6,1607,202100,5
7,1608,204154,11
8,1609,204155,2
9,1610,204156,6
10,1611,204157,3
11,1612,197803,38
12,1613,197804,169
13,1614,168048,3
14,1615,200030,4
15,1616,200028,233
16,1617,200129,439
17,1618,200120,182
18,1619,196307,29
19,1620,194976,18
20,1621,196037,23
21,1622,197889,0
22,1623,197891,1
23,1624,203964,35
24,1625,167572,10
25,1626,167573,2
26,1627,195996,20
27,1628,195998,15
28,1629,195999,2
29,1630,196000,17
30,1631,197892,4
31,1632,168402,954
32,1633,200431,128
33,1634,200437,6
34,1635,200439,11
35,1636,198204,28
36,1637,198206,9
37,1638,198208,8
38,1639,203991,1207
39,1640,203996,353
40,1641,204162,3
41,1642,200025,4
42,1643,199373,10
43,1644,196004,24
44,1645,196014,2
45,1646,197828,1602
46,1647,197880,8
47,1648,192718,7
48,1649,200443,2
49,1650,200123,0
50,1651,164517,17
51,1652,202259,14
52,1653,200027,210
53,1654,184686,3
54,1655,194945,5
55,1656,194974,15
56,1657,200282,1813
57,1658,197881,13
58,1659,193193,298
59,1660,193194,469
60,1661,200135,1
61,1662,196039,7
62,1663,196042,11
63,1664,196045,4
64,1665,196047,3
65,1666,196056,3
66,1667,199372,0
67,1668,195966,1
68,1669,195989,8
69,1670,195990,15
70,1671,195993,13
71,1672,195994,4
72,1673,189650,278
73,1674,168399,4191
74,1675,168400,1424
75,1676,168401,325
76,1677,200124,38
77,1678,198136,45
78,1679,198137,3
79,1680,198138,2
80,1681,200917,313
81,1682,200922,1504
82,1683,198211,5
83,1684,198213,12
84,1685,166049,4
85,1686,166051,11
86,1687,188860,16
87,1688,197810,31
88,1689,197812,70
89,1690,197826,36
90,1691,200125,50
91,1692,200122,102
92,1693,198200,13
93,1694,198202,20
94,1695,198203,14
95,1696,166055,6
96,1697,166056,1
97,1698,166057,1
98,1699,168390,4499
99,1700,198083,44
100,1701,166048,7
101,1702,199735,2
102,1703,199117,11
103,1704,195960,19
104,1705,195962,4
105,1706,198085,4
106,1707,198090,55
107,1708,198127,4
108,1709,198129,14
109,1710,198132,9
110,1711,198133,14
111,1712,199466,29
112,1713,199375,3
113,1714,203997,17
114,1715,206036,155
115,1716,198736,338
116,1717,199113,85
117,1718,194829,439
118,1719,194831,32
119,1720,197807,686
120,1721,197809,244
121,1722,200121,6
122,1723,200315,0
123,1724,198054,12
124,1725,199385,142
125,1726,199387,622
126,1727,199374,7
127,1728,196016,232
128,1729,196019,2
129,1730,196021,2
130,1731,196022,12
131,1732,196033,6
132,1733,202101,15
133,1734,202102,11
134,1735,202103,6
135,1736,202104,4
136,1737,203953,212
137,1738,203954,136
138,1739,203955,1207
139,1740,202105,6
140,1741,202110,83
141,1742,204148,652
142,1743,202218,38
143,1744,197652,5
144,1745,203771,1330
145,1746,204149,788
146,1747,204161,1
147,1748,203956,155
148,1749,203957,398
149,1750,203960,4
150,1751,204153,39
151,1752,202384,2
152,1753,202787,23
153,1754,202249,5
154,1755,205193,224
155,1756,201984,1
156,1757,201996,0
157,1758,149139,227
158,1759,149140,8
159,1760,207648,261
160,1761,201998,8
161,1762,205551,20
162,1763,202256,4
163,1764,146411,33
164,1765,202248,5
165,1766,146508,488
166,1767,202250,5
167,1768,203029,1
168,1769,203035,1
169,1770,203030,6
170,1771,201989,5
171,1772,207694,203
172,1773,207703,53
173,1774,202498,383
174,1775,202500,949
175,1776,147154,135
176,1777,147155,546
177,1778,147156,142
178,1779,147818,32
179,1780,147831,10
180,1781,203031,2
181,1782,207720,914
182,1783,202812,6
183,1784,202788,256
184,1785,207686,82
185,1786,207688,803
186,1787,207682,437
187,1788,202334,2
188,1789,204160,43
189,1790,207711,127
190,1791,207713,232
191,1792,201997,0
192,1793,206788,0
193,1794,201994,2
194,1795,146419,26
195,1796,146430,9
196,1797,206894,2
197,1798,202005,3
198,1799,201987,0
199,1800,202254,6
200,1801,203032,10
201,1802,203033,1
202,1803,207707,324
203,1804,206887,2
204,1805,205179,10
205,1806,205184,23
206,1807,205185,8
207,1808,201986,0
208,1809,201992,3
209,1810,207644,1294
210,1811,207171,0
211,1812,207685,41
212,1813,201990,1
213,1814,202247,5
214,1815,201991,4
215,1816,208725,9
216,1817,208727,6
217,1818,202002,1
218,1819,202007,4
219,1820,202258,6
220,1821,207542,21
221,1822,207849,4
222,1823,207693,6
223,1824,202492,22
224,1825,202253,6
225,1826,207591,607
226,1827,202255,4
227,1828,202000,2
228,1829,207650,268
229,1830,202263,10
230,1831,207638,13
231,1832,202244,4
232,1833,207848,21
233,1834,150239,88
234,1835,150242,9
235,1836,200306,2
236,1837,200308,17
237,1838,200705,42
238,1839,200706,12
239,1840,200707,415
240,1841,200732,5
241,1842,200733,10
242,1843,200734,40
243,1844,149120,6
244,1845,200764,45
245,1846,149576,13
246,1847,148655,471
247,1848,149823,621
248,1849,200712,85
249,1850,200718,7
250,1851,200720,15
251,1852,200721,19
252,1853,148931,9
253,1854,200747,7
254,1855,200709,382
255,1856,200722,26
256,1857,144722,6
257,1858,200748,147
258,1859,200749,19
259,1860,200750,5
260,1861,201999,8
261,1862,151419,42
262,1863,200711,238
263,1864,200710,382
264,1865,200715,153
265,1866,200717,70
266,1867,147178,0
267,1868,141619,3
268,1869,141623,19
269,1870,150247,6
270,1871,149121,4
271,1872,147173,1
272,1873,200744,1
273,1874,200745,9
274,1875,200746,147
275,1876,147851,10
276,1877,200756,0
277,1878,144721,19
278,1879,200741,146
279,1880,204000,28
280,1881,200766,13
281,1882,200799,5
282,1883,200801,147
283,1884,146877,0
284,1885,200742,85
285,1886,200743,15
286,1887,146878,4
287,1888,146879,41
288,1889,146880,8
289,1890,147852,7
290,1891,144723,19
291,1892,200724,9
292,1893,200725,63
293,1894,200751,251
294,1895,200752,788
295,1896,200754,28
296,1897,200824,102
297,1898,200826,21
298,1899,200827,43
299,1900,200828,0
300,1901,200662,230
301,1902,200667,147
302,1903,200840,9
303,1904,200841,147
304,1905,148700,32
305,1906,148701,12
306,1907,210229,1188
307,1908,200708,415
308,1909,209596,2010
309,1910,209595,609
310,1911,200829,146
311,1912,199115,399
312,1913,200830,788
313,1914,200842,5
314,1915,200843,147
315,1916,200844,7
316,1917,141612,1056
317,1918,209597,1095
318,1919,200831,85
319,1920,200832,28
320,1921,200833,5
321,1922,200663,85
322,1923,200668,147
323,1924,209598,1692
324,1925,209599,482
325,1926,199389,17
326,1927,199514,58
327,1928,199519,86
328,1929,200265,85
329,1930,144715,9
330,1931,200701,63
331,1932,200703,5
332,1933,200845,0
333,1934,200848,5
334,1935,149539,3
335,1936,149575,72
336,1937,149574,145
337,1938,149752,16
338,1939,210096,1236
339,1940,200266,64
340,1941,200834,0
341,1942,200835,43
342,1943,200837,15
343,1944,148608,63
344,1945,150237,33
345,1946,200815,8
346,1947,200816,11
347,1948,200817,19
348,1949,200838,1
349,1950,200839,8
350,1951,200820,143
351,1952,200821,289
352,1953,200822,672
353,1954,200823,55
354,1955,152618,30
355,1956,152653,2
356,1957,151614,1
357,1958,151579,16
358,1959,165605,2
359,1960,152625,36
360,1961,152626,120
361,1962,152627,30
362,1963,144545,365
363,1964,152622,9
364,1965,150251,642
365,1966,152548,30
366,1967,145889,16
367,1968,150252,416
368,1969,152551,9
369,1970,152607,20
370,1971,152555,3
371,1972,152557,2
372,1973,152601,3
373,1974,152624,4
374,1975,149634,12
375,1976,151820,3
376,1977,152628,6
377,1978,152629,11
378,1979,150958,19
379,1980,150963,11
380,1981,150941,0
381,1982,152509,5
382,1983,151821,2
383,1984,152500,8
384,1985,152501,29
385,1986,152506,23
386,1987,152510,62
387,1988,152545,17
388,1989,200803,7
389,1990,200804,0
390,1991,150599,73
391,1992,200805,9
392,1993,200807,51
393,1994,200810,103
394,1995,200813,10
395,1996,200814,6
396,1997,152558,12
397,1998,210172,427
398,1999,210180,18
399,2000,209275,9
400,2001,210278,1745
401,2002,210280,64
402,2003,209079,5
403,2004,209080,1
404,2005,207587,5
405,2006,207847,21
406,2007,208078,3383
407,2008,208915,6
408,2009,208849,126
409,2010,210121,5
410,2011,208851,0
411,2012,208852,9
412,2013,208853,305
413,2014,208854,3
414,2015,208706,15
415,2016,208708,10
416,2017,210122,5
417,2018,210126,6
418,2019,208816,521
419,2020,209070,4
420,2021,208074,119
421,2022,198742,6
422,2023,210103,979
423,2024,208511,9
424,2025,210119,165
425,2026,210120,247
426,2027,209038,8
427,2028,209010,3
428,2029,209007,3
429,2030,208848,217
430,2031,208813,0
431,2032,208814,0
432,2033,209039,179
433,2034,209040,198
434,2035,209041,2
435,2036,209042,8
436,2037,202296,49
437,2038,202257,6
438,2039,202251,2
439,2040,208815,99
440,2041,199388,6
441,2042,200798,147
442,2043,208855,0
443,2044,208707,39
444,2045,210128,14
445,2046,202820,31
446,2047,210094,1759
447,2048,210095,12
448,2049,208965,90
449,2050,208974,6
450,2051,201687,62
451,2052,201699,2
452,2053,210133,9
453,2054,210135,8
454,2055,201988,5
455,2056,201982,0
456,2057,210224,39
457,2058,208850,129
458,2059,209272,3
459,2060,208926,17
460,2061,207546,40
461,2062,203993,363
462,2063,209298,0
463,2064,203994,398
464,2065,148697,28
465,2066,209274,14
466,2067,210227,14
467,2068,210230,1491
468,2069,209273,4
469,2070,209269,12
470,2071,207592,2
471,2072,209011,6
472,2073,208642,2
473,2074,210239,1033
474,2075,209078,8
475,2076,208468,4
476,2077,208490,0
477,2078,208942,0
478,2079,208946,14
479,2080,151631,5
480,2081,151635,9
481,2082,153881,519
482,2083,153882,129
483,2084,208904,8
484,2085,208715,140
485,2086,153804,15
486,2087,153807,4
487,2088,164065,76
488,2089,153817,4
489,2090,155206,0
490,2091,215427,217
491,2092,187985,79
492,2093,187968,8
493,2094,215425,40
494,2095,208867,6
495,2096,154453,0
496,2097,154457,7
497,2098,154356,1234
498,2099,153792,403
499,2100,154388,233
500,2101,208729,3
501,2102,154627,6
502,2103,154661,134
503,2104,154671,3
504,2105,200636,0
505,2106,200637,48
506,2107,200638,370
507,2108,196088,209
508,2109,154047,129
509,2110,154064,273
510,2111,154116,2643
511,2112,151689,9
512,2113,154058,310
513,2114,154062,1438
514,2115,154063,339
515,2116,157479,1
516,2117,158431,73
517,2118,158432,38
518,2119,153831,0
519,2120,159206,222
520,2121,159198,8
521,2122,158434,15
522,2123,153828,0
523,2124,158435,4
524,2125,158437,7
525,2126,158440,3
526,2127,158444,3
527,2128,158575,5
528,2129,158569,0
529,2130,158581,4
530,2131,157488,8
531,2132,158439,15
532,2133,153829,5
533,2134,158450,9
534,2135,153830,2
535,2136,159133,17
536,2137,160184,2
537,2138,158506,54
538,2139,158568,11
539,2140,159134,51
540,2141,160185,5
541,2142,192622,2
542,2143,159322,1
543,2144,163633,119
544,2145,153239,11
545,2146,159073,12
546,2147,153964,3
547,2148,153965,1
548,2149,153966,7
549,2150,153967,6
550,2151,153968,0
551,2152,153835,0
552,2153,159079,64
553,2154,159075,6
554,2155,157249,6
555,2156,158969,87
556,2157,153837,2
557,2158,153838,2
558,2159,153839,1
559,2160,153840,4
560,2161,153841,0
561,2162,157296,11
562,2163,153238,8
563,2164,158452,9
564,2165,157246,7
565,2166,153957,4
566,2167,153958,13
567,2168,153959,2
568,2169,153960,2
569,2170,153961,7
570,2171,153962,13
571,2172,153963,8
572,2173,153833,7
573,2174,153834,2
574,2175,157557,15
575,2176,156336,14
576,2177,158448,6
577,2178,157308,10
578,2179,157309,10
579,2180,153832,4
580,2181,159233,1
581,2182,155207,5
582,2183,154701,0
583,2184,154702,6
584,2185,153811,15
585,2186,153812,3
586,2187,153813,3
587,2188,159031,6
588,2189,153814,3
589,2190,153818,4
590,2191,153815,6
591,2192,154065,94
592,2193,158430,55
593,2194,154645,2
594,2195,154732,104
595,2196,154626,2
596,2197,154674,5
597,2198,158576,9
598,2199,154048,6
599,2200,154049,15
0,2201,154050,19
1,2202,157492,1
2,2203,152630,4
3,2204,158972,5
4,2205,159632,16
5,2206,150973,6
6,2207,150974,14
7,2208,158965,50
8,2209,158810,9
9,2210,159633,167
10,2211,153115,0
11,2212,153116,6
12,2213,152547,6
13,2214,153117,30
14,2215,153118,2
15,2216,208647,18
16,2217,153119,2
17,2218,153120,1
18,2219,160697,3
19,2220,149637,22
20,2221,149765,4
21,2222,149584,1
22,2223,155279,3
23,2224,159123,55
24,2225,149537,2
25,2226,155278,2
26,2227,149538,5
27,2228,159649,10
28,2229,156017,8
29,2230,156016,7
30,2231,156018,4
31,2232,156019,2
32,2233,149577,2
33,2234,156687,76
34,2235,159826,5
35,2236,161271,222
36,2237,153253,116
37,2238,161276,199
38,2239,156023,4
39,2240,156055,2
40,2241,156028,5
41,2242,156049,169
42,2243,156243,142
43,2244,156057,11
44,2245,156052,38
45,2246,160096,7
46,2247,161212,3
47,2248,161160,3
48,2249,161162,44
49,2250,160104,15
50,2251,160108,6
51,2252,160098,6
52,2253,160100,46
53,2254,157945,156
54,2255,159212,6
55,2256,158507,0
56,2257,160574,7
57,2258,154913,8
58,2259,159137,6
59,2260,159926,6
60,2261,149536,2
61,2262,149636,274
62,2263,162468,27
63,2264,162471,504
64,2265,160584,25
65,2266,159821,136
66,2267,160097,6
67,2268,160102,3
68,2269,160105,11
69,2270,160106,97
70,2271,149535,8
71,2272,154492,24
72,2273,154514,3
73,2274,156168,14
74,2275,155679,4
75,2276,156170,5
76,2277,156173,3
77,2278,156175,6
78,2279,155682,4
79,2280,161211,2
80,2281,161215,0
81,2282,161220,0
82,2283,161222,4
83,2284,161223,17
84,2285,161292,3
85,2286,161294,4
86,2287,156181,6
87,2288,156278,14
88,2289,155217,146
89,2290,153618,10
90,2291,155499,0
91,2292,167641,10
92,2293,167642,12
93,2294,162077,468
94,2295,162075,7
95,2296,162076,0
96,2297,161194,5
97,2298,161206,2
98,2299,161790,2
99,2300,198989,3
100,2301,154534,3
101,2302,154535,5
102,2303,155654,18
103,2304,156015,78
104,2305,156020,4
105,2306,155661,26
106,2307,155698,137
107,2308,156050,4
108,2309,156051,5
109,2310,156053,5
110,2311,156054,501
111,2312,156056,24
112,2313,156252,6
113,2314,154520,4
114,2315,156778,731
115,2316,156781,34
116,2317,156914,117
117,2318,156916,5
118,2319,156917,4
119,2320,149288,26
120,2321,156915,5
121,2322,154570,9
122,2323,154571,113
123,2324,154532,6
124,2325,155702,12
125,2326,155719,6
126,2327,155717,19
127,2328,155723,112
128,2329,156277,14
129,2330,162078,8
130,2331,161883,0
131,2332,161884,1
132,2333,161885,0
133,2334,167659,9
134,2335,159096,12
135,2336,152310,7
136,2337,166287,16
137,2338,165020,27
138,2339,165021,890
139,2340,166302,7
140,2341,150101,5
141,2342,159039,3
142,2343,166004,24
143,2344,162022,4
144,2345,166058,12
145,2346,157634,5
146,2347,159049,6
147,2348,164233,15
148,2349,162079,52
149,2350,161187,4
150,2351,159097,145
151,2352,161296,2
152,2353,161299,3
153,2354,161300,3
154,2355,161301,0
155,2356,167650,12
156,2357,167656,3
157,2358,161303,1
158,2359,161304,3
159,2360,161306,4
160,2361,161307,2
161,2362,161308,5
162,2363,161309,0
163,2364,152306,4
164,2365,152307,127
165,2366,152308,7
166,2367,161974,169
167,2368,161766,8
168,2369,162080,63
169,2370,161767,4
170,2371,167644,12
171,2372,167645,5
172,2373,161311,1
173,2374,161312,1
174,2375,161313,1
175,2376,167646,0
176,2377,167648,10
177,2378,167657,18
178,2379,152309,54
179,2380,159211,37
180,2381,157360,0
181,2382,153244,3
182,2383,158597,1
183,2384,161086,10
184,2385,160204,37
185,2386,160463,100
186,2387,160465,10
187,2388,158817,12
188,2389,159071,3
189,2390,160462,1
190,2391,158956,432
191,2392,156338,5
192,2393,160989,314
193,2394,160704,8
194,2395,159121,30
195,2396,159124,1608
196,2397,160466,10
197,2398,160218,182
198,2399,160583,4
199,2400,159932,3
200,2401,160212,5
201,2402,160459,8
202,2403,158970,47
203,2404,156339,9
204,2405,156340,8
205,2406,156347,6
206,2407,160455,5
207,2408,153241,3
208,2409,156762,6
209,2410,159130,10
210,2411,153243,3
211,2412,156768,3
212,2413,159132,3
213,2414,157361,4
214,2415,153245,1
215,2416,156780,4
216,2417,158585,15
217,2418,149249,2874
218,2419,156990,80
219,2420,156993,1174
220,2421,153240,0
221,2422,159128,12
222,2423,159131,0
223,2424,158832,358
224,2425,153836,0
225,2426,166145,5
226,2427,167932,4
227,2428,171255,119
228,2429,171267,253
229,2430,171276,281
230,2431,171277,1318
231,2432,171280,184
232,2433,167649,3
233,2434,167689,4
234,2435,166332,5
235,2436,167168,79
236,2437,166330,0
237,2438,167986,29
238,2439,167997,1
239,2440,166327,4
240,2441,168088,9
241,2442,166326,10
242,2443,167191,2
243,2444,166876,5
244,2445,166877,0
245,2446,166323,4
246,2447,167188,6
247,2448,166864,7
248,2449,167185,9
249,2450,166007,13
250,2451,168037,38
251,2452,166885,3
252,2453,167618,4
253,2454,168038,26
254,2455,166324,1
255,2456,168022,7
256,2457,167913,9
257,2458,168004,54
258,2459,168011,241
259,2460,167186,6
260,2461,168249,37
261,2462,167055,205
262,2463,167054,127
263,2464,167056,1244
264,2465,167973,0
265,2466,167643,0
266,2467,167701,2
267,2468,167981,17
268,2469,166641,13
269,2470,168040,9
270,2471,167873,10
271,2472,171282,900
272,2473,165310,5
273,2474,167522,8
274,2475,166623,16
275,2476,166513,6
276,2477,167927,16
277,2478,166502,219
278,2479,167525,16
279,2480,167931,5
280,2481,166475,545
281,2482,166163,15
282,2483,166249,9
283,2484,167778,163
284,2485,166480,99
285,2486,168351,5
286,2487,166645,2
287,2488,166393,10
288,2489,166162,8
289,2490,171285,250
290,2491,171287,264
291,2492,168012,17
292,2493,168021,211
293,2494,165459,2
294,2495,163114,7
295,2496,162943,18
296,2497,162951,3
297,2498,162380,12
298,2499,202358,1
299,2500,163204,8
300,2501,163205,65
301,2502,163206,0
302,2503,157704,3
303,2504,162387,8
304,2505,162402,18
305,2506,162470,9
306,2507,157666,8
307,2508,157671,1
308,2509,157677,5
309,2510,157680,5
310,2511,157685,3
311,2512,164403,7
312,2513,159466,8
313,2514,159467,0
314,2515,159468,0
315,2516,157700,1
316,2517,157670,4
317,2518,157718,0
318,2519,157672,3
319,2520,157673,2
320,2521,164678,93
321,2522,164714,30
322,2523,159469,1
323,2524,164063,103
324,2525,164064,110
325,2526,162473,5
326,2527,164385,15
327,2528,164386,4
328,2529,157719,17
329,2530,157699,4
330,2531,163118,13
331,2532,164392,4
332,2533,164394,6
333,2534,164399,15
334,2535,161243,15
335,2536,162452,9
336,2537,162467,16
337,2538,164401,2
338,2539,164402,3
339,2540,157694,1
340,2541,157698,0
341,2542,162740,46
342,2543,162767,19
343,2544,162948,10
344,2545,163112,10
345,2546,163113,6
346,2547,162472,16
347,2548,164062,1986
348,2549,162758,36
349,2550,158416,1
350,2551,161202,4
351,2552,159470,0
352,2553,163208,143
353,2554,163198,11
354,2555,163203,116
355,2556,157701,1
356,2557,157687,0
357,2558,157689,0
358,2559,157690,0
359,2560,159471,0
360,2561,159472,0
361,2562,159473,0
362,2563,157816,0
363,2564,161926,5
364,2565,168475,0
365,2566,168477,10
366,2567,161290,2
367,2568,168934,23
368,2569,163245,376
369,2570,157714,1
370,2571,166830,3
371,2572,166832,3
372,2573,166860,12
373,2574,168537,16
374,2575,166828,6
375,2576,166850,3
376,2577,166836,6
377,2578,168233,0
378,2579,168234,3
379,2580,167600,18
380,2581,168483,3
381,2582,167579,217
382,2583,168237,0
383,2584,157717,1
384,2585,161227,6
385,2586,162859,3
386,2587,162955,9
387,2588,162956,18
388,2589,161192,2
389,2590,166840,6
390,2591,168941,43
391,2592,168942,29
392,2593,163359,17
393,2594,157715,1
394,2595,161196,7
395,2596,161208,9
396,2597,161310,5
397,2598,167652,4
398,2599,166109,5
399,2600,166397,4
400,2601,168024,8
401,2602,167647,31
402,2603,167720,128
403,2604,162660,4
404,2605,168051,4
405,2606,167596,28
406,2607,167598,1231
407,2608,168530,3
408,2609,169502,533
409,2610,169504,79
410,2611,164029,16
411,2612,164023,8
412,2613,166486,8
413,2614,166487,96
414,2615,165813,48
415,2616,159482,5
416,2617,166488,10
417,2618,166492,3
418,2619,166494,7
419,2620,178430,2
420,2621,166427,93
421,2622,168485,2
422,2623,168487,5
423,2624,167722,3
424,2625,167723,19
425,2626,165806,84
426,2627,165807,36
427,2628,165811,6
428,2629,182208,360
429,2630,168366,20
430,2631,162673,1
431,2632,162675,1
432,2633,162672,1
433,2634,168026,1
434,2635,165986,8
435,2636,162661,2
436,2637,168027,17
437,2638,168028,2
438,2639,168029,2
439,2640,162650,4
440,2641,162651,5
441,2642,166884,6
442,2643,162663,3
443,2644,162664,0
444,2645,162665,1
445,2646,162666,3
446,2647,162667,4
447,2648,162668,2
448,2649,162670,5
449,2650,162671,0
450,2651,167787,92
451,2652,162652,2
452,2653,162653,2
453,2654,162654,2
454,2655,162656,0
455,2656,162657,4
456,2657,162658,17
457,2658,162659,3
458,2659,168540,2
459,2660,168567,3
460,2661,168569,3
461,2662,159868,2
462,2663,166333,3
463,2664,167704,10
464,2665,167721,51
465,2666,167604,23
466,2667,167576,28
467,2668,167585,97
468,2669,166157,6
469,2670,169078,10
470,2671,166391,3
471,2672,167599,646
472,2673,168025,1
473,2674,168404,88
474,2675,166010,1
475,2676,228430,28
476,2677,166636,3
477,2678,168893,1
478,2679,166272,2
479,2680,167163,17
480,2681,165460,2
481,2682,165455,13
482,2683,165457,7
483,2684,166825,9
484,2685,166844,830
485,2686,167170,53
486,2687,165458,4
487,2688,165461,128
488,2689,165281,11
489,2690,165332,0
490,2691,167524,1
491,2692,165322,0
492,2693,165321,0
493,2694,165999,1
494,2695,176375,1
495,2696,166772,7
496,2697,165258,8
497,2698,165268,129
498,2699,165309,0
499,2700,165314,19
0,2701,165278,0
1,2702,165280,3
2,2703,167777,4
3,2704,166303,11
4,2705,166311,16
5,2706,166910,6
6,2707,166909,6
7,2708,166908,3
8,2709,165269,6
9,2710,165942,0
10,2711,165318,0
11,2712,165326,0
12,2713,166319,6
13,2714,164982,32
14,2715,164983,20
15,2716,166067,5
16,2717,166260,6
17,2718,167212,2
18,2719,166269,5
19,2720,166068,23
20,2721,166075,11
21,2722,166640,5
22,2723,166280,15
23,2724,166282,1
24,2725,166317,3
25,2726,166854,338
26,2727,166855,572
27,2728,166858,5
28,2729,166446,398
29,2730,166063,1
30,2731,165282,20
31,2732,167205,1
32,2733,167208,138
33,2734,167228,223
34,2735,167229,34
35,2736,165257,7
36,2737,159052,17
37,2738,166177,3
38,2739,158390,9
39,2740,158397,2
40,2741,167333,54
41,2742,165267,7
42,2743,165259,2
43,2744,165056,28
44,2745,159050,5
45,2746,159040,30
46,2747,159041,93
47,2748,165885,5
48,2749,166181,7
49,2750,166183,104
50,2751,166184,16
51,2752,166270,3
52,2753,165023,4
53,2754,165026,728
54,2755,165244,3
55,2756,166774,1
56,2757,164363,175
57,2758,166257,11
58,2759,164371,222
59,2760,164372,10
60,2761,167201,40
61,2762,167202,3
62,2763,166071,36
63,2764,165276,0
64,2765,166545,75
65,2766,167700,88
66,2767,167702,2
67,2768,165323,3
68,2769,166185,7
69,2770,166194,4
70,2771,166291,61
71,2772,174530,466
72,2773,162678,1
73,2774,172612,1
74,2775,168994,4
75,2776,171951,7
76,2777,176357,9
77,2778,169423,21
78,2779,174386,10
79,2780,172800,35
80,2781,172803,8
81,2782,175998,12
82,2783,159496,224
83,2784,159497,168
84,2785,159498,1
85,2786,175887,423
86,2787,170910,21
87,2788,176353,12
88,2789,176358,9
89,2790,163406,2
90,2791,174373,70
91,2792,174910,24
92,2793,174899,9
93,2794,174914,45
94,2795,174916,3
95,2796,172809,4
96,2797,176359,3
97,2798,175173,5
98,2799,172697,10
99,2800,163442,0
100,2801,171943,1
101,2802,171954,46
102,2803,170665,170
103,2804,176344,10
104,2805,175803,4
105,2806,174376,26
106,2807,174378,123
107,2808,174380,12
108,2809,173623,14
109,2810,173645,1
110,2811,173652,1
111,2812,173656,17
112,2813,173818,9
113,2814,173808,2
114,2815,173851,6
115,2816,175115,21
116,2817,171895,0
117,2818,169672,4
118,2819,175234,3
119,2820,176348,156
120,2821,176350,10
121,2822,168995,2
122,2823,173660,2
123,2824,176131,1
124,2825,168885,11
125,2826,175235,2
126,2827,175236,14
127,2828,175782,0
128,2829,174627,2
129,2830,159513,1
130,2831,174672,442
131,2832,176337,18
132,2833,176342,20
133,2834,176343,10
134,2835,176362,10
135,2836,159525,1
136,2837,159528,3
137,2838,159538,1
138,2839,172485,8
139,2840,172517,4
140,2841,163455,0
141,2842,163459,7
142,2843,163457,0
143,2844,175721,7
144,2845,176203,10
145,2846,175771,17
146,2847,174015,3
147,2848,168937,12
148,2849,168940,108
149,2850,168944,3
150,2851,168943,5
151,2852,172682,65
152,2853,174633,34
153,2854,175089,26
154,2855,175316,11
155,2856,175354,1
156,2857,166547,218
157,2858,173866,43
158,2859,175193,60
159,2860,175199,14
160,2861,175206,15
161,2862,175222,2
162,2863,175226,5
163,2864,158712,314
164,2865,159499,3
165,2866,159500,2
166,2867,159501,1
167,2868,174089,7
168,2869,174384,5
169,2870,174390,2
170,2871,174683,8
171,2872,175229,7
172,2873,175284,16
173,2874,175296,16
174,2875,175331,12
175,2876,193006,11
176,2877,176369,5
177,2878,176373,15
178,2879,174695,12
179,2880,174503,15
180,2881,175336,6
181,2882,175338,3
182,2883,175339,52
183,2884,172642,14
184,2885,171882,5
185,2886,172431,31
186,2887,171843,20
187,2888,171079,22
188,2889,169213,1
189,2890,174967,5
190,2891,175332,14
191,2892,175098,2
192,2893,171111,18
193,2894,169339,0
194,2895,169351,4
195,2896,171894,4
196,2897,172100,5
197,2898,172103,3
198,2899,172340,1
199,2900,171804,2
200,2901,175162,4
201,2902,173524,2656
202,2903,163446,0
203,2904,176148,1
204,2905,171818,85
205,2906,175276,3
206,2907,172643,50
207,2908,176280,29
208,2909,170919,8
209,2910,170920,8
210,2911,176330,42
211,2912,174936,2
212,2913,174350,7
213,2914,158425,4
214,2915,171968,63
215,2916,175637,9
216,2917,175778,9
217,2918,176267,348
218,2919,176290,7
219,2920,174635,2464
220,2921,170551,11
221,2922,176159,57
222,2923,176231,12
223,2924,176288,7
224,2925,172096,24
225,2926,171537,151
226,2927,161796,29
227,2928,185470,18
228,2929,174589,0
229,2930,172099,9
230,2931,172102,3
231,2932,179195,143
232,2933,175579,9
233,2934,169806,6
234,2935,189434,9
235,2936,177293,199
236,2937,177454,13
237,2938,172565,10
238,2939,173095,10
239,2940,172579,129
240,2941,172783,64
241,2942,172785,17
242,2943,172789,11
243,2944,172791,8
244,2945,172792,16
245,2946,172793,6
246,2947,169807,24
247,2948,163515,2
248,2949,163414,2
249,2950,175859,80
250,2951,172794,23
251,2952,177250,0
252,2953,177686,12
253,2954,177691,15
254,2955,183837,3329
255,2956,163408,0
256,2957,169954,12
257,2958,169283,8
258,2959,169805,2
259,2960,171004,5
260,2961,177361,335
261,2962,164626,7
262,2963,177129,36
263,2964,177147,320
264,2965,177105,67
265,2966,177360,336
266,2967,168008,1
267,2968,176174,196
268,2969,177126,9
269,2970,177535,7
270,2971,176126,0
271,2972,176377,13
272,2973,176105,21
273,2974,176110,10
274,2975,176111,8
275,2976,176112,14
276,2977,161804,523
277,2978,161808,23
278,2979,177674,14
279,2980,179261,4
280,2981,176127,2
281,2982,162980,1
282,2983,165304,3
283,2984,176109,4
284,2985,165324,19
285,2986,176115,14
286,2987,172683,72
287,2988,177306,16
288,2989,177324,5
289,2990,164568,136
290,2991,174893,38
291,2992,165308,17
292,2993,165311,7
293,2994,165313,1
294,2995,165547,4
295,2996,165686,4
296,2997,169320,4
297,2998,169321,5
298,2999,174894,112
299,3000,174907,129
300,3001,177323,2
301,3002,192575,6
302,3003,179191,30
303,3004,169808,0
304,3005,170322,1
305,3006,171976,0
306,3007,171978,3
307,3008,171983,5
308,3009,169682,50
309,3010,175789,4
310,3011,175796,4
311,3012,175813,5
312,3013,175818,5
313,3014,176334,18
314,3015,176335,18
315,3016,164841,7
316,3017,164845,5
317,3018,170339,1
318,3019,176155,2019
319,3020,159552,11
320,3021,159553,2
321,3022,159554,3
322,3023,176289,9
323,3024,176291,9
324,3025,174625,1
325,3026,175724,2
326,3027,175725,1
327,3028,170338,20
328,3029,176102,7
329,3030,176103,3
330,3031,168236,8
331,3032,168497,8
332,3033,174646,59
333,3034,174645,104
334,3035,176052,69
335,3036,171961,4
336,3037,172539,6
337,3038,168392,3
338,3039,158391,9
339,3040,159545,6
340,3041,175452,12
341,3042,175484,10
342,3043,168999,7
343,3044,175824,5
344,3045,175837,5
345,3046,175843,5
346,3047,175856,1
347,3048,175880,11
348,3049,173886,7
349,3050,173887,11
350,3051,173747,5
351,3052,171963,1
352,3053,171966,4
353,3054,161828,4
354,3055,172866,4
355,3056,160461,5
356,3057,172801,8
357,3058,175931,1
358,3059,165022,2
359,3060,165034,5
360,3061,165037,6
361,3062,175983,0
362,3063,174636,9
363,3064,176053,196
364,3065,176333,18
365,3066,171984,2
366,3067,171986,9
367,3068,159548,51
368,3069,159550,0
369,3070,175932,17
370,3071,175797,5
371,3072,175774,11
372,3073,175775,1
373,3074,170343,1
374,3075,176329,1
375,3076,176328,1
376,3077,193012,13
377,3078,174641,1
378,3079,176051,7
379,3080,176054,22
380,3081,176050,1
381,3082,166911,6
382,3083,159551,32
383,3084,170397,31
384,3085,170398,206
385,3086,176113,326
386,3087,176114,12
387,3088,172577,2
388,3089,172090,8
389,3090,172092,4
390,3091,172093,4
391,3092,176922,25
392,3093,176383,1
393,3094,165036,13
394,3095,177179,104
395,3096,177221,5
396,3097,192574,3
397,3098,161792,4
398,3099,172725,2
399,3100,169965,44
400,3101,169969,3
401,3102,177974,316
402,3103,169769,0
403,3104,171503,144
404,3105,158428,2
405,3106,169778,6
406,3107,169780,5
407,3108,170355,12
408,3109,170356,30
409,3110,177921,6
410,3111,179136,80
411,3112,169772,1
412,3113,169774,1
413,3114,169781,5
414,3115,170071,2
415,3116,170073,2
416,3117,170075,2
417,3118,173993,5
418,3119,170058,11
419,3120,170060,56
420,3121,170063,7
421,3122,172653,1
422,3123,172661,7
423,3124,171435,83
424,3125,178107,38
425,3126,170466,26
426,3127,170059,7
427,3128,170046,7
428,3129,170257,1
429,3130,170270,4
430,3131,170283,4
431,3132,169279,2
432,3133,169281,2
433,3134,168105,10
434,3135,170319,86
435,3136,170594,19
436,3137,171348,27
437,3138,173136,6
438,3139,171031,1945
439,3140,177056,137
440,3141,177540,4
441,3142,177231,2
442,3143,177252,2
443,3144,171356,309
444,3145,171284,297
445,3146,171842,22
446,3147,169726,4
447,3148,169847,142
448,3149,177529,4
449,3150,178017,36
450,3151,173722,14
451,3152,177165,375
452,3153,177299,7
453,3154,177322,218
454,3155,172001,6
455,3156,169791,2
456,3157,169792,1
457,3158,192540,4
458,3159,169258,0
459,3160,169260,9
460,3161,171409,1201
461,3162,175539,20
462,3163,177276,2
463,3164,171227,278
464,3165,176697,16
465,3166,176717,6
466,3167,177321,12
467,3168,176986,1
468,3169,176987,2
469,3170,174678,940
470,3171,176966,264
471,3172,176969,143
472,3173,176970,242
473,3174,177920,69
474,3175,175667,26
475,3176,178002,9
476,3177,176999,7
477,3178,177132,162
478,3179,157707,1
479,3180,157710,11
480,3181,163345,57
481,3182,163346,76
482,3183,158573,4
483,3184,169427,75
484,3185,172619,3
485,3186,174445,15
486,3187,171094,556
487,3188,171097,547
488,3189,169957,6
489,3190,173997,33
490,3191,173934,1
491,3192,175655,7
492,3193,175654,57
493,3194,172620,1
494,3195,173945,7
495,3196,174012,5
496,3197,173627,8
497,3198,171088,7
498,3199,171089,73
499,3200,171096,319
500,3201,171099,227
501,3202,174257,5
502,3203,174260,7
503,3204,174289,8
504,3205,174332,0
505,3206,174334,0
506,3207,173915,103
507,3208,173921,5
508,3209,173925,5
509,3210,173930,2
510,3211,173933,4
511,3212,173980,60
512,3213,172624,15
513,3214,173963,1
514,3215,174027,3
515,3216,174534,8
516,3217,171090,471
517,3218,171091,29
518,3219,169219,25
519,3220,174059,5
520,3221,175324,3
521,3222,174014,0
522,3223,174293,3
523,3224,174425,2
524,3225,171084,891
525,3226,171085,681
526,3227,173893,2
527,3228,173894,56
528,3229,175079,905
529,3230,174254,5
530,3231,174251,21
531,3232,174256,5
532,3233,174307,6
533,3234,174310,5
534,3235,170491,8
535,3236,171479,0
536,3237,172094,2
537,3238,171067,1741
538,3239,171068,917
539,3240,174246,0
540,3241,174345,7
541,3242,174597,2
542,3243,174596,479
543,3244,170561,7
544,3245,173746,24
545,3246,171078,1904
546,3247,174181,249
547,3248,173892,3
548,3249,174248,4
549,3250,174250,13
550,3251,174339,1
551,3252,175232,3
552,3253,174707,1
553,3254,174708,8
554,3255,174304,3
555,3256,174598,9
556,3257,174567,11
557,3258,175084,7
558,3259,169779,15
559,3260,174243,3
560,3261,174245,5
561,3262,174247,5
562,3263,175281,4
563,3264,174340,6
564,3265,174343,7
565,3266,174578,561
566,3267,174580,250
567,3268,174218,2
568,3269,169441,4
569,3270,174227,7
570,3271,174229,6
571,3272,174232,10
572,3273,174238,2
573,3274,175301,20
574,3275,174335,3
575,3276,174336,10
576,3277,174337,8
577,3278,171112,20
578,3279,174001,95
579,3280,174223,7
580,3281,174225,3
581,3282,174231,7
582,3283,174233,0
583,3284,174314,14
584,3285,174241,14
585,3286,174320,11
586,3287,174325,141
587,3288,175080,460
588,3289,175132,24
589,3290,175645,76
590,3291,167356,26
591,3292,171478,2
592,3293,174217,4
593,3294,174224,11
594,3295,174242,5
595,3296,174282,7
596,3297,174313,3
597,3298,174315,6
598,3299,174317,5
599,3300,175227,31
600,3301,174331,0
601,3302,172659,3
602,3303,172410,14
603,3304,174570,14
604,3305,174576,3
605,3306,171104,39
606,3307,171109,1037
607,3308,171110,20
608,3309,160982,669
609,3310,169784,1
610,3311,174501,5
611,3312,157702,3
612,3313,156767,9
613,3314,162843,4
614,3315,157705,2
615,3316,156777,0
616,3317,156779,3
617,3318,157709,1
618,3319,162845,3
619,3320,163122,80
620,3321,163123,9
621,3322,164216,12
622,3323,173663,2
623,3324,174220,3
624,3325,159325,11
625,3326,157712,6
626,3327,164236,69
627,3328,163106,6
628,3329,157713,7
629,3330,156739,7
630,3331,156742,4
631,3332,156743,4
632,3333,157706,2
633,3334,162760,7
634,3335,173914,3
635,3336,173929,100
636,3337,172085,2
637,3338,179147,5
638,3339,179149,8
639,3340,184207,18
640,3341,169759,36
641,3342,169787,394
642,3343,169789,9
643,3344,183830,5
644,3345,181007,65
645,3346,176068,3
646,3347,176069,33
647,3348,173743,42
648,3349,180335,1
649,3350,180383,27
650,3351,180390,8
651,3352,180994,1904
652,3353,182161,18
653,3354,176071,1
654,3355,176066,1
655,3356,176072,0
656,3357,176073,1
657,3358,180391,21
658,3359,182508,0
659,3360,182176,2
660,3361,182535,3
661,3362,183465,5
662,3363,184360,269
663,3364,179198,5
664,3365,176861,44
665,3366,183613,607
666,3367,172123,4
667,3368,180344,4
668,3369,180954,223
669,3370,179202,3
670,3371,179205,10
671,3372,184184,28
672,3373,184186,3
673,3374,181207,204
674,3375,181209,428
675,3376,181206,8
676,3377,180969,259
677,3378,183823,21
678,3379,184355,18
679,3380,183732,4
680,3381,183733,22
681,3382,182839,720
682,3383,183634,13
683,3384,182159,4
684,3385,176080,2
685,3386,176075,4
686,3387,176090,2
687,3388,176091,4
688,3389,181215,178
689,3390,180394,4
690,3391,184220,264
691,3392,183462,4
692,3393,183464,88
693,3394,183468,15
694,3395,176081,2
695,3396,176078,1
696,3397,176082,6
697,3398,176083,10
698,3399,172128,11
699,3400,169794,19
700,3401,169798,16
701,3402,180377,5
702,3403,181247,6
703,3404,184222,16
704,3405,184223,31
705,3406,184224,4
706,3407,184225,3
707,3408,183802,93
708,3409,176866,299
709,3410,180392,3
710,3411,176062,1
711,3412,176058,21
712,3413,179210,3
713,3414,179217,5
714,3415,181212,226
715,3416,181214,165
716,3417,181216,710
717,3418,178932,7
718,3419,180395,0
719,3420,180401,0
720,3421,180356,7
721,3422,180399,8
722,3423,176067,4
723,3424,172113,2
724,3425,172115,6
725,3426,172116,16
726,3427,176827,41
727,3428,184208,66
728,3429,184209,3
729,3430,184210,5
730,3431,165335,8
731,3432,165341,3
732,3433,179178,5
733,3434,176828,2506
734,3435,184379,0
735,3436,176088,3
736,3437,176048,6
737,3438,176061,6
738,3439,176064,4
739,3440,180996,5
740,3441,176860,1831
741,3442,185304,72
742,3443,182554,10
743,3444,184198,458
744,3445,184199,513
745,3446,184201,212
746,3447,184204,117
747,3448,184226,2
748,3449,184227,2
749,3450,183493,2
750,3451,172075,8
751,3452,172076,1
752,3453,172077,10
753,3454,184855,55
754,3455,172118,4
755,3456,184212,2
756,3457,172079,4
757,3458,184385,2
758,3459,184389,0
759,3460,184728,12
760,3461,163415,12
761,3462,172119,10
762,3463,172126,5
763,3464,176060,4
764,3465,184214,15
765,3466,184215,38
766,3467,184219,1
767,3468,181003,8
768,3469,181006,4
769,3470,181012,4
770,3471,176084,3
771,3472,176085,3
772,3473,184196,127
773,3474,181020,3
774,3475,181023,1
775,3476,181025,3
776,3477,176086,2
777,3478,169744,126
778,3479,180997,794
779,3480,180959,1027
780,3481,180967,160
781,3482,185534,232
782,3483,185555,0
783,3484,181810,81
784,3485,185382,33
785,3486,181145,139
786,3487,179255,226
787,3488,185489,76
788,3489,185352,1
789,3490,184659,8
790,3491,183790,3
791,3492,183791,7
792,3493,185501,270
793,3494,177975,105
794,3495,168013,0
795,3496,181570,13
796,3497,181574,5
797,3498,181575,0
798,3499,181577,11
799,3500,181589,6
800,3501,183781,3
801,3502,181210,231
802,3503,168010,5
803,3504,168014,47
804,3505,179008,408
805,3506,183080,4
806,3507,183078,194
807,3508,183079,478
808,3509,182807,3
809,3510,182810,5
810,3511,184947,19
811,3512,179387,10
812,3513,183662,88
813,3514,182813,8
814,3515,182815,1
815,3516,184652,7
816,3517,185030,107
817,3518,185014,389
818,3519,185017,346
819,3520,183037,2
820,3521,183724,410
821,3522,182882,6
822,3523,182885,10
823,3524,178890,324
824,3525,178892,54
825,3526,171980,3
826,3527,174608,25
827,3528,185041,140
828,3529,183772,5
829,3530,185558,0
830,3531,179800,214
831,3532,185088,57
832,3533,197852,10
833,3534,185045,33
834,3535,185178,17
835,3536,182427,523
836,3537,179550,3
837,3538,184754,3
838,3539,184758,3
839,3540,183775,3
840,3541,186567,38
841,3542,185504,58
842,3543,185505,240
843,3544,177247,0
844,3545,185180,17
845,3546,185211,116
846,3547,173564,16
847,3548,176065,4
848,3549,185353,7
849,3550,185354,2
850,3551,183782,6
851,3552,183783,9
852,3553,183784,12
853,3554,183787,68
854,3555,183789,24
855,3556,181005,418
856,3557,178038,16
857,3558,178885,140
858,3559,184943,78
859,3560,183312,8
860,3561,183329,12
861,3562,183331,32
862,3563,185499,1412
863,3564,185472,0
864,3565,178887,156
865,3566,184657,0
866,3567,184667,0
867,3568,181673,7
868,3569,181676,7
869,3570,181662,1
870,3571,181666,3
871,3572,179372,3
872,3573,185496,270
873,3574,168987,3
874,3575,176619,1
875,3576,185351,1
876,3577,176079,4
877,3578,184730,3
878,3579,182225,926
879,3580,182269,256
880,3581,182266,80
881,3582,181461,74
882,3583,181571,4
883,3584,180085,3
884,3585,179837,4
885,3586,170543,0
886,3587,179813,1
887,3588,176087,2
888,3589,183792,8
889,3590,183793,7
890,3591,178340,2329
891,3592,182203,140
892,3593,178341,1164
893,3594,178342,807
894,3595,178344,44
895,3596,179780,20
896,3597,178303,426
897,3598,182342,11
898,3599,182345,643
899,3600,182241,87
900,3601,182319,4
901,3602,182333,9
902,3603,180182,600
903,3604,180185,1040
904,3605,179817,22
905,3606,179825,5
906,3607,182340,285
907,3608,178301,11
908,3609,178302,701
909,3610,177072,839
910,3611,179520,35
911,3612,179521,5
912,3613,180204,2135
913,3614,180194,284
914,3615,177075,2
915,3616,179529,28
916,3617,179976,117
917,3618,178339,966
918,3619,178343,568
919,3620,178428,14
920,3621,176855,18
921,3622,178353,227
922,3623,179414,559
923,3624,181325,155
924,3625,179519,18
925,3626,178345,965
926,3627,180956,316
927,3628,180964,228
928,3629,172071,6
929,3630,176503,211
930,3631,183034,279
931,3632,176059,3
932,3633,177967,1954
933,3634,172067,36
934,3635,172069,113
935,3636,172130,8
936,3637,180742,1636
937,3638,182312,229
938,3639,182337,104
939,3640,179407,31
940,3641,179411,197
941,3642,179776,5
942,3643,179779,58
943,3644,172072,3
944,3645,172081,4
945,3646,165863,10
946,3647,180184,600
947,3648,184195,242
948,3649,179801,1
949,3650,177131,1473
950,3651,182316,106
951,3652,182318,198
952,3653,184767,17
953,3654,179775,20
954,3655,181445,9
955,3656,168338,4
956,3657,168339,9
957,3658,180181,159
958,3659,183041,541
959,3660,183337,10
960,3661,196407,3
961,3662,172066,3
962,3663,180180,99
963,3664,176063,0
964,3665,169960,6
965,3666,170483,5
966,3667,169563,2
967,3668,173218,6
968,3669,171685,4
969,3670,171955,0
970,3671,169725,181
971,3672,169729,10
972,3673,172018,78
973,3674,172019,7
974,3675,172021,7
975,3676,172026,3
976,3677,165817,1836
977,3678,165823,254
978,3679,166060,12
979,3680,170030,0
980,3681,168324,1
981,3682,168325,2
982,3683,158986,5
983,3684,167668,14
984,3685,167669,4
985,3686,169721,31
986,3687,171991,509
987,3688,172014,5
988,3689,169743,1
989,3690,176798,8
990,3691,183235,6
991,3692,170034,136
992,3693,170036,3
993,3694,170037,4
994,3695,169724,0
995,3696,169187,29
996,3697,165556,10
997,3698,165562,3
998,3699,165565,17
999,3700,165604,48
1000,3701,183657,60
1001,3702,162639,8
1002,3703,165610,44
1003,3704,170507,23
1004,3705,162640,11
1005,3706,162642,11
1006,3707,170176,27
1007,3708,170196,3
1008,3709,172064,55
1009,3710,172070,4
1010,3711,172073,2
1011,3712,169564,9
1012,3713,169565,15
1013,3714,169566,2
1014,3715,170479,46
1015,3716,162645,22
1016,3717,170494,4
1017,3718,170495,952
1018,3719,171240,16
1019,3720,171241,5
1020,3721,172074,11
1021,3722,173083,11
1022,3723,166593,8
1023,3724,169567,9
1024,3725,169568,5
1025,3726,169569,6
1026,3727,169570,9
1027,3728,169572,3
1028,3729,170486,797
1029,3730,170488,124
1030,3731,166597,3
1031,3732,170490,124
1032,3733,170492,405
1033,3734,169589,9
1034,3735,169590,512
1035,3736,169591,232
1036,3737,169592,496
1037,3738,169606,8
1038,3739,170521,779
1039,3740,169753,171
1040,3741,179408,5
1041,3742,171657,666
1042,3743,169573,4
1043,3744,169574,719
1044,3745,173089,17
1045,3746,166622,5
1046,3747,166599,114
1047,3748,169575,2
1048,3749,169576,0
1049,3750,169578,2
1050,3751,169581,7
1051,3752,169612,252
1052,3753,169613,33
1053,3754,163400,0
1054,3755,169765,305
1055,3756,158975,2
1056,3757,158978,2
1057,3758,173094,10
1058,3759,173132,53
1059,3760,173133,10
1060,3761,169582,259
1061,3762,169586,7
1062,3763,169587,49
1063,3764,159098,0
1064,3765,171040,27
1065,3766,171074,58
1066,3767,158984,0
1067,3768,169745,3
1068,3769,168321,8
1069,3770,168323,8
1070,3771,170184,3
1071,3772,170874,10
1072,3773,158980,0
1073,3774,158982,1
1074,3775,159413,0
1075,3776,171060,5
1076,3777,158987,4
1077,3778,158988,1
1078,3779,170195,1
1079,3780,166773,10
1080,3781,171837,13
1081,3782,172017,2
1082,3783,169746,134
1083,3784,169750,198
1084,3785,165641,249
1085,3786,165645,44
1086,3787,183455,301
1087,3788,169748,2
1088,3789,169755,117
1089,3790,169757,273
1090,3791,172726,1
1091,3792,171649,752
1092,3793,171671,4185
1093,3794,169962,15
1094,3795,169976,2
1095,3796,173029,5
1096,3797,172578,11
1097,3798,172580,11
1098,3799,172583,8
1099,3800,182209,4
0,3801,182322,1081
1,3802,172711,10
2,3803,172712,21
3,3804,172717,9
4,3805,170542,181
5,3806,170076,3
6,3807,173075,5
7,3808,162638,3
8,3809,162985,17
9,3810,162991,11
10,3811,162992,2
11,3812,162997,7
12,3813,162998,5
13,3814,172723,5
14,3815,170573,9
15,3816,170574,35
16,3817,169777,5
17,3818,169958,4
18,3819,169970,21
19,3820,169973,1
20,3821,169775,3
21,3822,169776,5
22,3823,170174,3
23,3824,170391,3
24,3825,170049,6
25,3826,170577,80
26,3827,158389,5
27,3828,169786,2
28,3829,169788,74
29,3830,169959,3
30,3831,172575,0
31,3832,172559,17
32,3833,169988,17
33,3834,170464,120
34,3835,170395,713
35,3836,170975,48
36,3837,182231,198
37,3838,182246,162
38,3839,170396,713
39,3840,170041,15
40,3841,172713,234
41,3842,172724,8
42,3843,170305,6
43,3844,170314,9
44,3845,170329,9
45,3846,162858,5
46,3847,163464,25
47,3848,172595,8
48,3849,172601,3
49,3850,182321,378
50,3851,170042,3
51,3852,170044,9
52,3853,172727,17
53,3854,170177,27
54,3855,170178,27
55,3856,164213,3
56,3857,183411,80
57,3858,183427,15
58,3859,183450,6
59,3860,184180,4
60,3861,185153,1
61,3862,185155,13
62,3863,186459,21
63,3864,174016,0
64,3865,183905,34
65,3866,190587,2
66,3867,189545,3
67,3868,190187,120
68,3869,190188,19
69,3870,190189,257
70,3871,190192,177
71,3872,182801,4
72,3873,190239,91
73,3874,190241,166
74,3875,190244,83
75,3876,190247,197
76,3877,189558,5
77,3878,189576,20
78,3879,189580,234
79,3880,190194,6
80,3881,190196,1553
81,3882,190197,179
82,3883,181424,21
83,3884,181425,74
84,3885,182804,27
85,3886,182805,0
86,3887,182806,25
87,3888,190052,3
88,3889,190604,276
89,3890,190590,68
90,3891,190591,28
91,3892,189871,308
92,3893,190195,31
93,3894,189497,7
94,3895,182774,4
95,3896,182778,38
96,3897,184606,86
97,3898,184607,17
98,3899,184608,13
99,3900,184611,466
100,3901,181426,55
101,3902,176510,5
102,3903,190592,6
103,3904,190593,19
104,3905,187738,224
105,3906,187739,9
106,3907,189531,219
107,3908,189520,60
108,3909,189522,10
109,3910,190184,383
110,3911,184612,4
111,3912,187622,11
112,3913,182777,1
113,3914,191324,24
114,3915,172098,1175
115,3916,191356,7
116,3917,190193,409
117,3918,190190,217
118,3919,189866,99
119,3920,189942,801
120,3921,191171,11
121,3922,189776,579
122,3923,189778,144
123,3924,189779,1020
124,3925,190069,0
125,3926,172101,75
126,3927,190313,50
127,3928,190307,4
128,3929,190199,57
129,3930,190204,69
130,3931,190208,58
131,3932,166851,0
132,3933,189947,424
133,3934,189922,112
134,3935,190617,0
135,3936,189780,1781
136,3937,189784,487
137,3938,191070,1
138,3939,190243,413
139,3940,191227,3
140,3941,189955,1146
141,3942,189957,96
142,3943,189960,31
143,3944,190470,2
144,3945,191498,99
145,3946,188992,918
146,3947,187292,26
147,3948,190594,7
148,3949,190675,0
149,3950,190249,60
150,3951,178500,28
151,3952,178032,25
152,3953,191346,38
153,3954,188993,593
154,3955,190595,8
155,3956,190596,4
156,3957,190597,24
157,3958,190598,350
158,3959,190599,4
159,3960,190605,169
160,3961,190606,6
161,3962,191501,49
162,3963,191491,569
163,3964,191453,406
164,3965,176573,57
165,3966,189047,8
166,3967,189071,6
167,3968,189080,2
168,3969,183457,31
169,3970,184322,36
170,3971,184323,25
171,3972,184327,18
172,3973,183893,7
173,3974,184182,9
174,3975,184183,5
175,3976,183546,14
176,3977,185886,77
177,3978,179815,2
178,3979,184633,42
179,3980,184174,0
180,3981,173741,1
181,3982,184177,7
182,3983,184179,6
183,3984,165010,10
184,3985,183522,7
185,3986,183907,9
186,3987,186189,2
187,3988,189043,3
188,3989,175718,0
189,3990,181756,23
190,3991,168991,6
191,3992,195474,0
192,3993,183472,10
193,3994,184635,78
194,3995,180953,705
195,3996,184853,13
196,3997,184185,4
197,3998,184187,3
198,3999,186190,7
199,4000,190600,222
200,4001,190601,1500
201,4002,190603,176
202,4003,181957,2
203,4004,187525,6
204,4005,191167,68
205,4006,190727,3501
206,4007,190954,513
207,4008,177533,37
208,4009,188487,2
209,4010,188515,1
210,4011,188490,2
211,4012,188505,3
212,4013,188433,3
213,4014,190935,82
214,4015,176455,13
215,4016,169217,1
216,4017,169625,23
217,4018,193432,303
218,4019,185121,2
219,4020,185115,25
220,4021,176457,9
221,4022,176458,14
222,4023,176486,0
223,4024,193340,9
224,4025,173308,9
225,4026,193434,68
226,4027,193414,411
227,4028,187089,9
228,4029,180878,0
229,4030,188431,39
230,4031,193190,31
231,4032,176454,38
232,4033,173210,3
233,4034,193347,2
234,4035,192261,445
235,4036,170974,2
236,4037,189104,174
237,4038,188347,282
238,4039,172023,7
239,4040,172942,4
240,4041,193286,21
241,4042,168854,0
242,4043,173316,6
243,4044,170153,3
244,4045,170967,159
245,4046,189851,6
246,4047,171772,17
247,4048,171792,9
248,4049,172941,12
249,4050,169214,5
250,4051,168841,66
251,4052,168839,322
252,4053,192563,3
253,4054,192681,8
254,4055,192683,11
255,4056,176479,5
256,4057,192760,63
257,4058,192761,1
258,4059,193367,68
259,4060,192263,19
260,4061,171024,214
261,4062,192696,16
262,4063,191614,1
263,4064,228569,4
264,4065,194661,110
265,4066,194917,926
266,4067,195045,419
267,4068,193370,646
268,4069,195137,182
269,4070,194428,9
270,4071,171730,9
271,4072,170966,4
272,4073,176495,12
273,4074,176496,3
274,4075,228521,4
275,4076,189284,5
276,4077,189075,4
277,4078,194427,62
278,4079,174360,5
279,4080,175333,120
280,4081,174362,222
281,4082,171719,21
282,4083,172949,451
283,4084,192659,3
284,4085,192666,3
285,4086,192669,3
286,4087,176497,5
287,4088,192843,9
288,4089,189926,0
289,4090,191493,0
290,4091,185776,3
291,4092,187500,21
292,4093,192535,69
293,4094,192844,17
294,4095,193360,451
295,4096,192750,56
296,4097,187727,1320
297,4098,192621,8
298,4099,175259,305
299,4100,176459,12
300,4101,176460,1
301,4102,176461,7
302,4103,185127,795
303,4104,188971,301
304,4105,188972,33
305,4106,188973,43
306,4107,184921,6
307,4108,185651,25
308,4109,185655,3
309,4110,185767,1
310,4111,185775,0
311,4112,191372,37
312,4113,190308,6
313,4114,189738,2503
314,4115,189742,2928
315,4116,189757,3486
316,4117,188861,34
317,4118,189339,500
318,4119,184927,4
319,4120,188494,2
320,4121,188333,2
321,4122,187200,1
322,4123,188789,12
323,4124,191468,1
324,4125,188981,4
325,4126,189762,2242
326,4127,189272,38
327,4128,190306,0
328,4129,188960,46
329,4130,188951,55
330,4131,188963,9
331,4132,184928,5
332,4133,190960,476
333,4134,186747,1407
334,4135,188987,4
335,4136,188979,95
336,4137,188935,160
337,4138,190310,306
338,4139,190311,50
339,4140,188964,21
340,4141,188765,3
341,4142,188988,15
342,4143,189044,6
343,4144,190939,322
344,4145,188976,121
345,4146,184923,7
346,4147,189954,184
347,4148,189045,20
348,4149,189061,7
349,4150,189274,597
350,4151,190293,8
351,4152,189765,2366
352,4153,184926,15
353,4154,184925,5
354,4155,187152,46
355,4156,190944,37
356,4157,190945,165
357,4158,190949,78
358,4159,188425,19
359,4160,188485,7
360,4161,191215,11
361,4162,188984,4
362,4163,188986,3
363,4164,187436,35
364,4165,187945,25
365,4166,192600,10
366,4167,181054,0
367,4168,194072,49
368,4169,194268,66
369,4170,193362,17
370,4171,193354,6
371,4172,193358,3
372,4173,193869,3
373,4174,193812,612
374,4175,193907,9
375,4176,191622,33
376,4177,191149,12
377,4178,193871,7
378,4179,193872,1
379,4180,193908,373
380,4181,194916,131
381,4182,193906,4
382,4183,191417,3
383,4184,191427,2
384,4185,195522,141
385,4186,191162,2
386,4187,171763,1
387,4188,193433,31
388,4189,193504,60
389,4190,180902,9
390,4191,194702,17
391,4192,194050,10
392,4193,194656,12
393,4194,195002,3
394,4195,193344,14
395,4196,193298,915
396,4197,193666,31
397,4198,180898,38
398,4199,193903,140
399,4200,193904,28
400,4201,193905,42
401,4202,194277,92
402,4203,191829,4
403,4204,192026,99
404,4205,192122,2
405,4206,192373,213
406,4207,193669,4
407,4208,193900,16
408,4209,194805,34
409,4210,194431,29
410,4211,188529,0
411,4212,191567,5
412,4213,192117,692
413,4214,180869,1
414,4215,193670,5
415,4216,193672,1
416,4217,193673,5
417,4218,195674,7
418,4219,180896,9
419,4220,166407,124
420,4221,194696,8
421,4222,194700,1
422,4223,194701,1
423,4224,195034,17
424,4225,192235,51
425,4226,192601,5
426,4227,193348,54
427,4228,193377,36
428,4229,182248,4
429,4230,182255,0
430,4231,193959,38
431,4232,193914,3
432,4233,190806,23
433,4234,192619,19
434,4235,192620,279
435,4236,159200,1
436,4237,193284,249
437,4238,193285,156
438,4239,159205,44
439,4240,182258,5
440,4241,186973,184
441,4242,191391,10
442,4243,194051,174
443,4244,194052,522
444,4245,176444,6
445,4246,192408,31
446,4247,194071,673
447,4248,191411,12
448,4249,191415,8
449,4250,191367,0
450,4251,191921,396
451,4252,188448,6
452,4253,173424,1464
453,4254,193437,1104
454,4255,177669,422
455,4256,191394,30
456,4257,187466,285
457,4258,180119,9
458,4259,173867,8
459,4260,182127,3
460,4261,192942,39
461,4262,171687,6
462,4263,170968,24
463,4264,193435,930
464,4265,191104,84
465,4266,176151,6
466,4267,192012,36
467,4268,192783,11
468,4269,192786,187
469,4270,192788,1448
470,4271,192799,109
471,4272,193436,35
472,4273,191107,128
473,4274,188447,5
474,4275,176152,18
475,4276,193125,2
476,4277,192800,63
477,4278,192803,77
478,4279,191650,29
479,4280,189548,262
480,4281,189581,13
481,4282,187387,1
482,4283,187388,1
483,4284,192591,10
484,4285,192590,10
485,4286,192592,14
486,4287,182842,4
487,4288,181611,331
488,4289,167935,4
489,4290,171230,339
490,4291,184642,446
491,4292,178794,310
492,4293,186132,25
493,4294,184727,4
494,4295,184861,10
495,4296,186662,237
496,4297,186422,2
497,4298,186423,8
498,4299,184271,104
499,4300,184273,29
500,4301,186532,4
501,4302,178861,5
502,4303,187124,94
503,4304,186425,5
504,4305,186428,14
505,4306,185876,12
506,4307,186538,20
507,4308,186540,4
508,4309,178853,23
509,4310,178855,3
510,4311,186746,157
511,4312,186752,401
512,4313,183885,5
513,4314,168965,14
514,4315,185931,29
515,4316,175242,14
516,4317,186530,3
517,4318,178929,3
518,4319,188746,16
519,4320,168969,6
520,4321,181790,103
521,4322,181755,23
522,4323,185106,20
523,4324,185998,4
524,4325,186471,48
525,4326,178852,14
526,4327,178856,10
527,4328,183879,11
528,4329,181999,2
529,4330,184307,21
530,4331,184321,28
531,4332,184357,18
532,4333,184359,19
533,4334,184363,24
534,4335,185107,38
535,4336,185109,5
536,4337,185112,12
537,4338,186451,235
538,4339,186485,18
539,4340,186753,94
540,4341,179605,9
541,4342,179609,0
542,4343,168945,1
543,4344,184617,28
544,4345,184625,103
545,4346,184626,19
546,4347,186556,79
547,4348,186558,41
548,4349,186559,12
549,4350,186561,2
550,4351,186769,0
551,4352,176682,5
552,4353,186840,12
553,4354,184365,13
554,4355,184109,7
555,4356,186426,35
556,4357,186446,45
557,4358,186460,16
558,4359,186462,23
559,4360,186490,558
560,4361,185566,411
561,4362,183868,14
562,4363,181403,5
563,4364,188632,29
564,4365,168960,1
565,4366,184629,36
566,4367,184630,53
567,4368,184639,30
568,4369,186843,3
569,4370,178923,3
570,4371,178925,7
571,4372,183876,27
572,4373,184423,90
573,4374,184428,124
574,4375,184436,12
575,4376,184603,959
576,4377,186533,25
577,4378,176092,0
578,4379,171700,4
579,4380,171702,0
580,4381,171703,5
581,4382,171704,4
582,4383,171706,0
583,4384,171707,5
584,4385,185699,11
585,4386,185025,1
586,4387,179948,25
587,4388,176095,22
588,4389,172131,27
589,4390,182244,8
590,4391,184048,38
591,4392,181610,331
592,4393,177382,2
593,4394,180734,1
594,4395,180753,7
595,4396,179082,1
596,4397,181257,29
597,4398,177838,3
598,4399,177845,11
599,4400,176568,3
600,4401,186748,96
601,4402,180196,230
602,4403,180210,2041
603,4404,180519,712
604,4405,174690,3
605,4406,181259,9
606,4407,177381,4
607,4408,184605,10
608,4409,184640,38
609,4410,186749,396
610,4411,186751,599
611,4412,176529,101
612,4413,173946,5
613,4414,176093,0
614,4415,176094,1
615,4416,172133,10
616,4417,172134,18
617,4418,184093,183
618,4419,180537,59
619,4420,172136,25
620,4421,172137,11
621,4422,186564,6
622,4423,187849,196
623,4424,186941,4
624,4425,187615,47
625,4426,187209,1
626,4427,186848,3
627,4428,189156,95
628,4429,189132,33
629,4430,189134,386
630,4431,189133,97
631,4432,188197,4
632,4433,161229,1542
633,4434,189809,1491
634,4435,189097,0
635,4436,189100,590
636,4437,182769,3
637,4438,182773,1
638,4439,188139,30
639,4440,188285,189
640,4441,188132,6
641,4442,188134,83
642,4443,189135,220
643,4444,188201,8
644,4445,189814,1701
645,4446,187156,1504
646,4447,189144,84
647,4448,189145,112
648,4449,189146,14
649,4450,189147,2
650,4451,198811,6
651,4452,198814,1
652,4453,198815,1
653,4454,188141,10
654,4455,188167,12
655,4456,182787,4
656,4457,189140,2516
657,4458,196236,92
658,4459,186750,158
659,4460,187750,11
660,4461,187094,12
661,4462,187546,6
662,4463,189141,1652
663,4464,189142,54
664,4465,189143,289
665,4466,215426,40
666,4467,182779,3
667,4468,198366,15
668,4469,198368,172
669,4470,197142,11
670,4471,186997,4
671,4472,186998,10
672,4473,187001,16
673,4474,187002,17
674,4475,189308,87
675,4476,191653,107
676,4477,189320,77
677,4478,164162,3
678,4479,198816,63
679,4480,197800,17
680,4481,188200,11
681,4482,181419,8
682,4483,186542,4
683,4484,197801,4
684,4485,196224,9
685,4486,163456,0
686,4487,188288,16
687,4488,170958,249
688,4489,188192,7
689,4490,188181,4
690,4491,186850,5
691,4492,186849,9
692,4493,189139,92
693,4494,186942,3065
694,4495,185498,32
695,4496,198272,1
696,4497,196378,3
697,4498,196385,3
698,4499,192767,3
699,4500,192768,3
700,4501,196235,1
701,4502,189363,8
702,4503,189370,3
703,4504,189126,24
704,4505,187096,34
705,4506,189138,520
706,4507,189129,10
707,4508,189128,6
708,4509,189130,284
709,4510,182797,220
710,4511,186920,3
711,4512,186527,189
712,4513,186536,16
713,4514,186802,1
714,4515,186803,5
715,4516,187323,15
716,4517,197332,1
717,4518,193950,68
718,4519,196858,5
719,4520,196815,54
720,4521,181413,0
721,4522,188558,15
722,4523,188824,6
723,4524,171134,6
724,4525,198064,3
725,4526,187885,182
726,4527,188205,8
727,4528,175323,2
728,4529,175647,3
729,4530,188845,6
730,4531,188865,4
731,4532,188873,1
732,4533,182574,11
733,4534,187390,11
734,4535,189701,16
735,4536,188292,259
736,4537,187521,4
737,4538,187522,33
738,4539,187523,6
739,4540,189546,505
740,4541,197477,30
741,4542,186937,4
742,4543,188199,6
743,4544,186568,181
744,4545,189303,15
745,4546,189328,78
746,4547,189300,3
747,4548,189378,181
748,4549,182776,4
749,4550,188043,7
750,4551,182782,24
751,4552,186671,84
752,4553,189815,7796
753,4554,189816,2461
754,4555,188140,10
755,4556,188947,0
756,4557,188949,109
757,4558,189329,34
758,4559,189330,34
759,4560,189331,77
760,4561,189385,34
761,4562,189388,78
762,4563,188629,9
763,4564,188859,24
764,4565,186704,17
765,4566,186638,23
766,4567,187883,80
767,4568,187488,960
768,4569,189342,26
769,4570,189347,5
770,4571,189151,135
771,4572,189296,7
772,4573,189299,370
773,4574,189547,264
774,4575,187090,25
775,4576,197478,5
776,4577,189770,733
777,4578,189772,212
778,4579,189773,406
779,4580,188711,143
780,4581,189340,12
781,4582,189341,5
782,4583,189343,119
783,4584,189345,7
784,4585,189382,18
785,4586,189728,20
786,4587,195815,465
787,4588,195817,70
788,4589,195818,74
789,4590,197808,12
790,4591,197827,6
791,4592,197055,2
792,4593,197080,46
793,4594,197081,4
794,4595,197088,0
795,4596,197090,10
796,4597,197096,13
797,4598,197107,24
798,4599,196433,19
799,4600,196563,6
800,4601,198000,0
801,4602,198007,6
802,4603,198042,6
803,4604,196414,66
804,4605,196413,18
805,4606,196415,18
806,4607,178361,423
807,4608,197963,5
808,4609,192518,208
809,4610,197928,6
810,4611,198312,361
811,4612,198230,5
812,4613,198288,18
813,4614,198289,169
814,4615,196640,9
815,4616,197999,17
816,4617,198006,17
817,4618,198010,30
818,4619,196405,16
819,4620,197629,1
820,4621,197631,7
821,4622,197638,8
822,4623,196786,13
823,4624,192558,2
824,4625,187611,901
825,4626,197098,4
826,4627,197100,11
827,4628,196446,11
828,4629,198081,92
829,4630,196438,34
830,4631,191776,10
831,4632,198072,5
832,4633,196877,134
833,4634,196795,2
834,4635,196617,10
835,4636,196616,21
836,4637,197567,2
837,4638,192050,14
838,4639,197843,17
839,4640,196619,148
840,4641,196620,3
841,4642,196621,7
842,4643,198122,497
843,4644,198124,39
844,4645,198125,37
845,4646,198119,11
846,4647,198130,40
847,4648,196493,6
848,4649,196494,16
849,4650,196927,4
850,4651,196929,3
851,4652,196930,3
852,4653,199870,3
853,4654,199871,44
854,4655,198082,13
855,4656,198084,105
856,4657,198131,6
857,4658,198135,17
858,4659,198796,4
859,4660,198797,3
860,4661,197887,11
861,4662,198353,355
862,4663,198354,34
863,4664,196469,8
864,4665,197706,13
865,4666,197707,10
866,4667,198359,42
867,4668,198360,7
868,4669,197574,0
869,4670,197580,2
870,4671,198375,74
871,4672,169598,6
872,4673,197643,190
873,4674,197625,15
874,4675,196623,8
875,4676,196624,19
876,4677,196625,14
877,4678,196626,1141
878,4679,196628,5
879,4680,197511,421
880,4681,197085,44
881,4682,196932,18
882,4683,196923,40
883,4684,198073,0
884,4685,198075,2
885,4686,198076,2
886,4687,198077,3
887,4688,199872,8
888,4689,199875,15
889,4690,199877,8
890,4691,199879,288
891,4692,198729,5
892,4693,199085,6
893,4694,198279,5
894,4695,192394,1
895,4696,198355,28
896,4697,198356,16
897,4698,198357,295
898,4699,198358,28
899,4700,197702,10
900,4701,195896,3
901,4702,195898,15
902,4703,197708,1
903,4704,198215,13
904,4705,198216,30
905,4706,197339,24
906,4707,197340,65
907,4708,197333,12
908,4709,196548,19
909,4710,196549,4
910,4711,196550,4
911,4712,197590,5
912,4713,262539,48
913,4714,262541,35
914,4715,195856,0
915,4716,195857,7
916,4717,196234,199
917,4718,195860,12
918,4719,197621,2
919,4720,199866,5
920,4721,199869,6
921,4722,197851,4
922,4723,198080,71
923,4724,198297,5
924,4725,198298,7
925,4726,198730,7
926,4727,198732,8
927,4728,198760,4
928,4729,198282,5
929,4730,196481,385
930,4731,194030,16
931,4732,197342,9
932,4733,197343,5
933,4734,197344,3
934,4735,196483,55
935,4736,197841,3
936,4737,196418,8
937,4738,196618,194
938,4739,192546,2
939,4740,192550,5
940,4741,192555,7
941,4742,192557,11
942,4743,198070,8
943,4744,197074,1356
944,4745,196488,39
945,4746,196489,42
946,4747,196490,257
947,4748,196491,101
948,4749,196492,149
949,4750,198727,5
950,4751,198728,5
951,4752,197835,2
952,4753,197836,2
953,4754,197837,8
954,4755,197005,22
955,4756,197910,1
956,4757,192541,3
957,4758,198067,38
958,4759,192559,6
959,4760,192560,0
960,4761,195827,346
961,4762,195828,50
962,4763,195829,1596
963,4764,195830,4
964,4765,195855,19
965,4766,198277,31
966,4767,197831,7
967,4768,197833,2
968,4769,189040,7
969,4770,197290,541
970,4771,197293,649
971,4772,198058,5
972,4773,198059,2
973,4774,198060,14
974,4775,198062,34
975,4776,198063,4
976,4777,198065,8
977,4778,192543,0
978,4779,198068,3
979,4780,198069,273
980,4781,198061,14
981,4782,198032,144
982,4783,198055,5
983,4784,197842,4
984,4785,197847,39
985,4786,197844,10
986,4787,196291,20
987,4788,196293,66
988,4789,196295,2
989,4790,196298,114
990,4791,197834,1
991,4792,196987,26
992,4793,196996,4
993,4794,192556,1
994,4795,197294,404
995,4796,198159,26
996,4797,198160,4
997,4798,192384,2
998,4799,192385,11
999,4800,192387,4
1000,4801,192392,1
1001,4802,198066,2
1002,4803,198074,87
1003,4804,198078,10
1004,4805,197059,63
1005,4806,197060,10
1006,4807,197061,4
1007,4808,195735,7
1008,4809,195819,160
1009,4810,195825,4314
1010,4811,197608,16
1011,4812,195809,27
1012,4813,198322,982
1013,4814,197849,3
1014,4815,196789,3
1015,4816,196790,5
1016,4817,196765,23
1017,4818,196766,4
1018,4819,196767,4
1019,4820,196768,4
1020,4821,196760,583
1021,4822,192381,0
1022,4823,192382,147
1023,4824,198148,9
1024,4825,199880,7
1025,4826,199882,14
1026,4827,201336,11
1027,4828,201337,25
1028,4829,195852,6
1029,4830,198207,2
1030,4831,178372,297
1031,4832,195816,2
1032,4833,195734,12
1033,4834,197423,13
1034,4835,197424,168
1035,4836,197640,4
1036,4837,197670,8
1037,4838,198283,215
1038,4839,198473,343
1039,4840,197428,14
1040,4841,196461,481
1041,4842,201338,41
1042,4843,201339,33
1043,4844,198761,4
1044,4845,198795,5
1045,4846,196792,12
1046,4847,196787,4
1047,4848,197671,2
1048,4849,197840,1
1049,4850,198475,338
1050,4851,196631,8
1051,4852,198141,23
1052,4853,198144,11
1053,4854,198145,7
1054,4855,198146,20
1055,4856,196460,141
1056,4857,196560,25
1057,4858,196568,16
1058,4859,196570,6
1059,4860,196572,10
1060,4861,198284,226
1061,4862,198134,234
1062,4863,188812,1
1063,4864,188826,28
1064,4865,198016,21
1065,4866,198020,14
1066,4867,198029,11
1067,4868,198002,16
1068,4869,196194,12
1069,4870,195635,656
1070,4871,197929,1
1071,4872,198259,4
1072,4873,197917,2
1073,4874,198291,33
1074,4875,198293,180
1075,4876,198294,42
1076,4877,196472,5
1077,4878,178366,1665
1078,4879,178367,374
1079,4880,195590,5
1080,4881,197634,1340
1081,4882,197635,36
1082,4883,197637,216
1083,4884,197642,890
1084,4885,197705,1
1085,4886,196187,622
1086,4887,198001,4
1087,4888,192402,1
1088,4889,198150,185
1089,4890,197583,6
1090,4891,196409,40
1091,4892,192769,17
1092,4893,197932,9
1093,4894,198262,1134
1094,4895,198223,6
1095,4896,196434,8
1096,4897,196435,27
1097,4898,198021,136
1098,4899,198026,11
1099,4900,198027,10
0,4901,198028,80
1,4902,196484,55
2,4903,194574,327
3,4904,194577,44
4,4905,194591,116
5,4906,194602,10
6,4907,180572,43
7,4908,192529,176
8,4909,198227,6
9,4910,196347,11
10,4911,197115,1
11,4912,197116,0
12,4913,197120,6
13,4914,196205,31
14,4915,188821,6
15,4916,192403,2
16,4917,196406,35
17,4918,196412,25
18,4919,198824,0
19,4920,198860,2
20,4921,179940,10
21,4922,198044,981
22,4923,198224,14
23,4924,198225,26
24,4925,198226,3
25,4926,198228,31
26,4927,198229,20
27,4928,196054,10
28,4929,196853,1
29,4930,197992,110
30,4931,198005,5
31,4932,197627,10
32,4933,197633,1995
33,4934,192519,95
34,4935,192520,424
35,4936,198316,12
36,4937,197390,1587
37,4938,192530,660
38,4939,190182,628
39,4940,197904,3
40,4941,197570,357
41,4942,197054,4
42,4943,198311,200
43,4944,188834,8
44,4945,197979,4
45,4946,198004,4
46,4947,195820,5
47,4948,198861,2
48,4949,197829,3
49,4950,196928,4
50,4951,196559,12
51,4952,198046,981
52,4953,198048,8
53,4954,198049,6
54,4955,198050,2
55,4956,196419,12
56,4957,196425,337
57,4958,198315,256
58,4959,198318,140
59,4960,198346,529
60,4961,196641,12
61,4962,196808,0
62,4963,198041,1019
63,4964,198043,12
64,4965,198045,223
65,4966,198047,109
66,4967,198314,265
67,4968,196381,6
68,4969,196383,2
69,4970,198267,0
70,4971,198817,5
71,4972,198818,3
72,4973,195859,31
73,4974,195264,12
74,4975,197830,8
75,4976,197832,3
76,4977,197895,34
77,4978,198149,9
78,4979,198217,17
79,4980,198219,3
80,4981,192770,3
81,4982,192773,7
82,4983,192771,1
83,4984,197860,31
84,4985,197959,5
85,4986,197985,11
86,4987,196479,129
87,4988,180628,8
88,4989,198030,120
89,4990,198347,23
90,4991,198349,21
91,4992,198350,5
92,4993,198351,39
93,4994,198352,10
94,4995,196867,4
95,4996,198051,6
96,4997,198056,3
97,4998,198057,9
98,4999,198819,3