,EVENT_ID,osm,forest,forest_year
0,200363,1634,0,8
1,200364,629,0,8
2,200366,45,0,8
3,200369,13,0,8
4,200370,13,0,8
5,206405,2,0,7
6,203911,3938,0,8
7,203912,1065,0,8
8,200498,3,0,7
9,200499,507,0,8
10,206702,2230,0,8
11,206703,101,0,8
12,206705,15,0,8
13,199169,246,0,8
14,200409,37,0,7
15,200410,3,0,8
16,200411,1,0,8
17,200412,4,0,8
18,200413,8,0,8
19,200415,79,0,8
20,201416,6,0,8
21,201417,10,0,8
22,198739,3,0,6
23,199207,4,0,8
24,200490,24,0,8
25,186658,587,0,8
26,200268,3,0,7
27,200269,4,0,7
28,183737,101,0,7
29,202215,123,0,8
30,202216,127,0,8
31,203393,5,0,8
32,203396,8,0,8
33,200270,5,0,8
34,200271,4,0,8
35,200272,11,0,8
36,200274,9,0,8
37,202269,20,0,8
38,202271,12,0,8
39,197318,9,0,8
40,197319,7,0,8
41,202209,163,0,8
42,181974,31,0,7
43,202212,127,0,8
44,202213,123,0,8
45,202214,163,0,8
46,200408,2,0,8
47,200267,5,0,8
48,169699,16,0,8
49,202019,5,0,8
50,202021,13,0,8
51,197967,6,0,8
52,197975,7,0,8
53,198427,39,0,8
54,202022,7,0,8
55,202856,1,0,8
56,203909,784,0,8
57,203910,2357,0,5
58,200296,14,0,8
59,200396,5,0,7
60,200492,179,0,8
61,200493,6,0,8
62,200494,2,0,6
63,200495,8,0,8
64,200497,5,0,7
65,186491,185,0,8
66,186494,1345,0,8
67,199742,470,0,8
68,198397,7,0,8
69,198398,5,0,8
70,201356,848,0,8
71,201357,152,0,8
72,207583,35,0,8
73,207584,43,0,8
74,201849,13,0,8
75,206400,12,0,8
76,206401,24,0,8
77,206402,4,0,8
78,207431,41,0,8
79,201358,48,0,8
80,201359,446,0,8
81,198391,17,0,8
82,198392,37,0,8
83,198393,0,0,8
84,196308,281,0,8
85,196312,185,0,8
86,199690,5,0,8
87,200151,13,0,8
88,199528,1634,0,8
89,198394,243,0,8
90,198395,0,0,8
91,201412,80,0,8
92,201413,18,0,8
93,201414,10,0,8
94,201415,6,0,8
95,208311,7,0,6
96,199214,0,0,8
97,208712,17,0,8
98,203045,2,0,8
99,203046,3,0,8
100,203050,1,0,8
101,146440,65,0,8
102,146445,26,0,8
103,146500,3,0,8
104,146503,103,0,7
105,146504,3808,0,8
106,146505,39,0,8
107,146507,4,0,8
108,203047,16,0,8
109,199906,4,0,8
110,199907,6,0,8
111,199908,1,0,8
112,149147,17,0,8
113,149148,6,0,8
114,149149,14,0,8
115,149150,4,0,8
116,149151,22,0,8
117,149152,3,0,8
118,203041,265,0,8
119,206790,5,0,8
120,201981,9,0,8
121,202262,6,0,8
122,202410,20,0,8
123,149141,12,0,8
124,149142,155,0,8
125,149143,5,0,8
126,199918,0,0,8
127,151426,4,0,8
128,151428,9,0,8
129,151429,3,0,8
130,205602,9,0,8
131,204647,257,0,8
132,204648,282,0,8
133,204649,667,0,8
134,204650,92,0,8
135,172707,183,0,7
136,172708,0,0,7
137,149145,6,0,8
138,149146,131,0,8
139,172701,24,0,4
140,172706,91,0,8
141,199919,2,0,7
142,172709,53,0,8
143,150691,0,0,8
144,201676,4,0,8
145,146509,78,0,8
146,146510,14,0,8
147,146511,4,0,8
148,209012,6,0,8
149,203048,47,0,8
150,141617,9,0,8
151,141618,11,0,8
152,141624,9,0,8
153,200603,3,0,5
154,200604,4,0,8
155,146433,654,0,8
156,208703,2,0,8
157,208705,6,0,8
158,208709,17,0,8
159,199910,6,0,8
160,196171,77,0,8
161,196180,4,0,8
162,196182,9,0,8
163,196184,8,0,8
164,196190,9,0,8
165,196193,348,0,8
166,147907,7,0,8
167,204645,199,0,8
168,204646,260,0,8
169,174729,76,0,8
170,197156,40,0,5
171,152654,3,0,6
172,152652,201,0,8
173,208329,629,0,8
174,196158,8,0,8
175,196160,5,0,8
176,196162,2,0,8
177,208673,64,0,8
178,201980,10,0,8
179,196165,124,0,8
180,196166,1,0,8
181,196172,61,0,8
182,208687,5,0,8
183,172663,8,0,8
184,196802,14,0,8
185,197322,4,0,8
186,197341,28,0,8
187,207429,29,0,8
188,198919,8,0,8
189,199090,98,0,8
190,199092,4,0,8
191,196803,5,0,8
192,196805,238,0,8
193,196854,7,0,8
194,196855,7,0,8
195,196856,2,0,8
196,196925,3,0,8
197,207602,1,0,1
198,202341,8,0,8
199,202355,41,0,8
200,161775,22,0,8
201,157247,7,0,1
202,156281,5,0,2
203,161516,964,0,7
204,145886,2,0,8
205,157252,15,0,1
206,156282,207,0,8
207,156283,10,0,8
208,156284,1,0,8
209,161517,68,0,7
210,156883,2,0,8
211,156903,2,0,8
212,156904,17,0,8
213,207930,4,0,8
214,160969,8,0,8
215,157302,2,0,8
216,155392,3,0,8
217,163358,4,0,8
218,207933,0,0,8
219,157251,15,0,1
220,174915,5,0,8
221,174917,6,0,8
222,159214,14,0,8
223,159215,21,0,8
224,144656,10,0,8
225,157250,6,0,8
226,148698,5,0,8
227,153235,52,0,8
228,202351,5,0,8
229,159216,2,0,8
230,159219,305,0,8
231,156682,18,0,8
232,156697,904,0,7
233,161518,932,0,8
234,161519,52,0,8
235,202356,7,0,8
236,202361,7,0,8
237,204159,26,0,8
238,156699,251,0,7
239,156910,8,0,8
240,157248,7,0,1
241,197709,17,0,8
242,157245,87,0,5
243,156905,17,0,8
244,156906,5,0,7
245,156907,7,0,8
246,153231,15,0,8
247,153233,639,0,8
248,202337,2,0,8
249,156059,3,0,7
250,161515,471,0,7
251,156387,14,0,8
252,159222,1,0,6
253,157045,31,0,8
254,157049,38,0,8
255,156868,133,0,8
256,156869,12,0,8
257,161520,4,0,8
258,156872,61,0,8
259,163351,54,0,8
260,161521,51,0,8
261,156062,26,0,8
262,161499,23,0,8
263,161500,340,0,8
264,161501,37,0,8
265,161506,171,0,8
266,163756,3,0,8
267,149949,0,0,0
268,149952,3,0,0
269,161512,485,0,8
270,172988,62,0,8
271,156275,3,0,7
272,156276,3,0,7
273,171743,0,0,0
274,171408,4,0,8
275,172990,2234,0,8
276,173002,1,0,7
277,156279,6,0,8
278,162996,18,0,8
279,163696,15,0,8
280,162757,8,0,8
281,162759,272,0,8
282,162768,239,0,7
283,171686,50,0,7
284,164101,1,0,8
285,163697,5,0,8
286,162769,15,0,8
287,162771,272,0,6
288,162772,34,0,7
289,162773,22,0,7
290,172972,53,0,8
291,159196,103,0,7
292,172983,820,0,8
293,157367,21,0,8
294,157373,3,0,0
295,164712,6,0,8
296,164715,59,0,8
297,159197,300,0,8
298,159199,75,0,8
299,159201,2984,0,8
300,159202,339,0,8
301,159282,24,0,6
302,159295,2,0,0
303,159300,2,0,0
304,160326,7,0,0
305,162744,113,0,8
306,159138,5,0,8
307,176140,5,0,4
308,176149,14,0,5
309,159139,3,0,8
310,156067,20,0,7
311,156068,42,0,7
312,156069,102,0,7
313,157656,6,0,6
314,157657,6,0,6
315,156223,21,0,8
316,156233,6,0,8
317,160978,4,0,8
318,160980,36,0,8
319,160984,17,0,8
320,160985,11,0,8
321,160994,282,0,8
322,160995,99,0,8
323,156237,1,0,8
324,156063,43,0,8
325,165233,3,0,8
326,161514,142,0,8
327,161058,0,0,8
328,161061,2,0,8
329,161062,13,0,8
330,161495,4,0,8
331,161510,18,0,8
332,159795,43,0,8
333,159796,4,0,8
334,157307,3,0,8
335,156064,139,0,8
336,156065,29,0,6
337,156066,19,0,7
338,150102,9,0,6
339,157493,1,0,6
340,159929,5,0,8
341,159930,12,0,8
342,159937,0,0,8
343,160986,7,0,8
344,160987,158,0,8
345,160988,10,0,8
346,160990,9,0,8
347,156242,21,0,7
348,156249,5,0,6
349,156250,5,0,6
350,160992,12,0,8
351,160581,12,0,8
352,160582,4,0,8
353,207226,3,0,7
354,161029,1,0,7
355,156251,0,0,7
356,156058,4,0,8
357,156060,120,0,8
358,156061,327,0,8
359,166187,39,0,7
360,162949,3,0,8
361,156736,186,0,8
362,156737,326,0,8
363,160114,2,0,8
364,160115,8,0,8
365,160207,46,0,8
366,168244,4,0,8
367,192642,0,0,8
368,152608,1,0,8
369,214138,0,-1,-1
370,168248,4,0,8
371,168253,15,0,8
372,168254,5,0,8
373,168269,7,0,8
374,214140,0,-1,-1
375,161431,8,0,8
376,162968,9,0,8
377,162969,187,0,8
378,168242,21,0,0
379,149839,6,0,5
380,168243,1,0,8
381,154667,7,0,8
382,154670,60,0,8
383,156183,2,0,8
384,193382,4,0,8
385,151403,4,0,8
386,156738,173,0,8
387,154656,17,0,8
388,154659,3,0,7
389,154660,11,0,8
390,154673,62,0,8
391,156740,52,0,8
392,156741,27,0,8
393,192661,2,0,8
394,162763,7,0,8
395,159193,1256,0,6
396,159195,232,0,7
397,155271,5,0,8
398,155272,0,0,2
399,155276,9,0,7
400,193117,10,0,8
401,155062,11,0,8
402,164470,0,0,8
403,228427,4,0,8
404,157559,7,0,0
405,157565,4,0,0
406,157566,9,0,0
407,157567,5,0,0
408,157568,0,0,7
409,172527,10,0,0
410,157569,17,0,8
411,157570,3,0,4
412,157469,7,0,8
413,166278,143,0,8
414,166281,6,0,8
415,160099,39,0,8
416,160111,5,0,8
417,160845,1634,0,8
418,166592,4,0,0
419,166598,12,0,5
420,166600,597,0,7
421,149119,4,0,8
422,168235,2,0,1
423,168238,0,0,0
424,168476,10,0,6
425,168478,0,0,8
426,160848,8,0,8
427,160853,3,0,8
428,160855,6,0,8
429,160858,261,0,8
430,166595,21,0,8
431,162624,14,0,8
432,152631,17,0,8
433,147904,7,0,8
434,203051,6,0,8
435,208738,0,0,8
436,172002,10,0,8
437,203055,17,0,8
438,208596,3,0,8
439,196040,18,0,8
440,196052,4,0,8
441,196081,2,0,8
442,196087,6,0,8
443,203053,2,0,8
444,203054,6,0,8
445,171952,70,0,5
446,171956,88,0,8
447,171958,4,0,4
448,203229,6,0,8
449,163209,5,0,8
450,166728,10,0,8
451,167693,4,0,0
452,167692,4,0,0
453,166553,0,0,8
454,169176,3,0,0
455,177004,55,0,8
456,166710,9,0,8
457,174714,91,0,8
458,174719,91,0,8
459,169526,7,0,8
460,169527,10,0,8
461,170546,9,0,8
462,166692,3,0,8
463,170548,4,0,8
464,170549,4,0,8
465,170550,12,0,8
466,170182,10,0,8
467,170183,3,0,6
468,170186,3,0,8
469,170187,3,0,8
470,166712,60,0,8
471,175337,14,0,8
472,161156,6,0,8
473,167914,21,0,8
474,167816,11,0,8
475,171859,4,0,8
476,173016,3,0,8
477,173018,6,0,8
478,168533,6,0,8
479,168542,16,0,8
480,168545,12,0,8
481,176741,4,0,8
482,176830,8,0,8
483,166703,18,0,8
484,175340,4,0,8
485,173900,7,0,8
486,173901,19,0,8
487,173903,30,0,8
488,172821,12,0,8
489,175243,8,0,8
490,172576,105,0,8
491,166684,5,0,8
492,167933,9,0,8
493,167934,3,0,8
494,168504,8,0,6
495,169189,740,0,8
496,169195,1428,0,8
497,169196,2237,0,8
498,169197,779,0,8
499,167504,93,0,8
500,164729,13,0,8
501,164730,270,0,8
502,175330,1,0,8
503,172594,8,0,8
504,172596,20,0,8
505,172598,5,0,8
506,170035,1074,0,8
507,169533,11,0,8
508,169990,7,0,8
509,168506,8,0,6
510,166701,6,0,8
511,172569,18,0,8
512,172570,594,0,8
513,172571,23,0,8
514,172572,27,0,8
515,179566,23,0,8
516,172597,62,0,8
517,176985,19,0,8
518,161137,10,0,7
519,170074,14,0,8
520,170175,3,0,6
521,166693,3,0,8
522,171873,5,0,8
523,172573,14,0,8
524,172574,9,0,8
525,168532,2,0,8
526,168535,5,0,8
527,168874,2,0,8
528,179586,8,0,8
529,179587,21,0,8
530,179661,2885,0,8
531,173081,2,0,8
532,173090,20,0,7
533,173092,4,0,8
534,172605,1,0,8
535,172611,76,0,8
536,182243,33,0,8
537,182245,23,0,7
538,167920,6,0,8
539,170181,10,0,8
540,166694,11,0,8
541,172567,93,0,8
542,168883,81,0,8
543,168884,11,0,7
544,171893,23,0,8
545,172702,4,0,1
546,166689,3,0,8
547,176287,6,0,8
548,169907,19,0,0
549,172568,19,0,8
550,190169,1367,0,8
551,167775,90,0,8
552,167707,2,0,7
553,174182,188,0,8
554,166690,11,0,8
555,169991,9,0,8
556,173021,98,0,8
557,173025,1,0,8
558,173031,10,0,8
559,169209,1,0,0
560,161152,18,0,8
561,161154,13,0,8
562,167779,172,0,8
563,179014,8,0,4
564,179429,1,0,6
565,179431,0,0,0
566,175335,2,0,8
567,175761,5,0,8
568,167694,8,0,6
569,174566,6,0,8
570,174584,43,0,8
571,169415,10,0,8
572,158163,27,0,8
573,158164,19,0,8
574,158165,9,0,8
575,179660,51,0,4
576,179666,11,0,8
577,166725,42,0,8
578,175819,7,0,8
579,166540,65,0,8
580,172616,3,0,8
581,172617,1,0,8
582,172618,3,0,8
583,175268,3,0,7
584,169992,1,0,8
585,170481,9,0,8
586,170547,0,0,8
587,166726,3,0,8
588,177757,14,-1,-1
589,166634,2,0,8
590,166635,86,0,7
591,166551,5,0,8
592,166729,4,0,8
593,166529,131,0,8
594,167676,2,0,8
595,169410,3,0,8
596,165941,853,0,8
597,166723,10,0,8
598,166724,162,0,8
599,179763,5,0,0
600,174565,25,0,8
601,167937,1,0,7
602,167695,8,0,6
603,167699,0,0,8
604,176988,35,0,8
605,167923,12,0,8
606,170393,1,0,0
607,179798,10,0,8
608,175804,7,0,8
609,175811,3,0,8
610,166539,50,0,8
611,166727,63,0,8
612,173899,22,0,8
613,167705,9,0,8
614,167930,16,0,8
615,190176,92,0,8
616,189436,106,0,8
617,187760,5,0,8
618,186634,62,0,8
619,186635,15,0,8
620,177888,31,0,4
621,191178,18,0,8
622,191180,64,0,8
623,178431,3,0,0
624,176882,3,0,8
625,171037,3,0,8
626,181191,63,0,8
627,189426,0,0,0
628,186668,9,0,8
629,186670,34,0,8
630,186672,51,0,8
631,186674,95,0,8
632,190970,7,0,8
633,190971,15,0,8
634,169387,0,0,0
635,169184,22,0,4
636,185919,16,0,8
637,179771,1,0,8
638,188237,0,-1,-1
639,188627,7,-1,-1
640,190531,33,0,8
641,186537,11,0,8
642,186539,6,0,8
643,186541,14,0,8
644,162679,5,-1,-1
645,162680,0,-1,-1
646,162681,2,-1,-1
647,190180,0,0,6
648,190181,11,0,7
649,163797,5,-1,-1
650,190486,179,0,8
651,186800,5,0,8
652,187899,13,0,8
653,187901,13,0,8
654,187903,137,0,8
655,186534,20,0,8
656,188286,96,0,8
657,180373,14,0,8
658,161240,25,0,8
659,186637,14,0,8
660,191120,3,0,8
661,189899,147,0,8
662,189938,124,0,8
663,189940,13,0,8
664,189943,307,0,8
665,187765,42,0,8
666,180326,3,0,8
667,180328,2,0,8
668,180334,3,0,8
669,180336,9,0,8
670,161176,8,0,8
671,185740,4,0,8
672,179944,4,0,8
673,179898,9,0,7
674,179902,7,0,8
675,161181,0,0,8
676,161231,26,0,8
677,161247,32,0,8
678,185778,67,0,8
679,186633,89,0,0
680,188157,12,0,8
681,174875,3,0,5
682,186667,297,0,8
683,189944,83,0,8
684,189949,8,0,8
685,189953,198,0,8
686,190256,330,0,8
687,168439,7,0,0
688,177136,19,0,8
689,187589,163,0,8
690,187603,27,0,8
691,190273,464,0,8
692,190170,143,0,8
693,190171,53,0,8
694,190173,6,0,8
695,190175,133,0,8
696,188169,9,0,8
697,191955,120,0,8
698,180531,14,0,8
699,180532,0,0,6
700,168365,46,0,8
701,188338,4,0,7
702,180473,5,0,8
703,191621,3,0,0
704,190294,1,0,2
705,165992,19,0,2
706,165994,12,0,5
707,165995,1,0,7
708,166002,12,0,5
709,170633,13,0,8
710,170634,9,0,8
711,191477,2,0,0
712,186198,232,0,8
713,186200,339,0,8
714,177784,6,0,8
715,166001,19,0,2
716,185889,2,0,0
717,185893,18,0,0
718,178108,0,0,0
719,192318,510,0,8
720,191488,17,0,0
721,190205,78,0,8
722,190552,104,0,8
723,175850,3,0,0
724,175877,9,0,0
725,187816,542,0,8
726,187818,5,0,0
727,181047,128,0,8
728,188535,1,0,7
729,193612,8,0,8
730,183984,8,0,8
731,191413,39,0,5
732,170885,4,0,8
733,170887,1,0,6
734,190296,17,0,8
735,188525,3,0,8
736,188534,0,0,8
737,192171,3,0,8
738,192782,21,0,8
739,180385,3,0,8
740,180386,1,0,8
741,180397,1,0,8
742,180403,8,0,8
743,192182,11,0,8
744,180440,3,0,8
745,180443,8,0,8
746,190550,591,0,8
747,190551,1418,0,8
748,191478,310,0,8
749,192178,21,0,8
750,190855,1,0,8
751,190866,3,0,8
752,192623,8,0,8
753,171987,667,0,8
754,171988,99,0,8
755,171989,446,0,8
756,171993,1392,0,8
757,182819,12,0,8
758,191459,868,0,8
759,191469,16,0,5
760,192602,2,0,6
761,192603,2,0,8
762,192604,1,0,8
763,169711,3,0,0
764,169716,2,0,0
765,171365,59,0,8
766,171982,121,0,8
767,171985,622,0,8
768,171995,236,0,8
769,171998,1094,0,8
770,172000,438,0,8
771,189901,20,0,6
772,170711,7,0,8
773,191418,67,0,8
774,189569,6,0,8
775,189577,26,0,8
776,180477,4,0,7
777,170635,3,0,8
778,170642,6,0,8
779,186208,41,0,1
780,189895,2,0,8
781,188054,502,0,8
782,170667,24,0,8
783,170671,3,0,8
784,170676,10,0,3
785,187815,32,0,8
786,191407,179,0,8
787,191793,5,0,0
788,180162,500,0,8
789,183460,29,0,8
790,183463,57,0,8
791,183470,90,0,8
792,183475,24,0,7
793,188225,4,0,8
794,191849,190,0,8
795,183548,1,0,8
796,190807,112,0,8
797,188226,18,0,8
798,191886,0,0,8
799,191887,6,0,8
800,191888,11,0,8
801,191999,6,0,8
802,192073,277,0,8
803,192278,2,0,0
804,186183,154,0,3
805,186199,10,0,8
806,170944,30,0,8
807,170946,19,0,8
808,188793,878,0,8
809,188794,215,0,8
810,180518,5,0,0
811,188203,2,0,8
812,188204,0,0,8
813,188206,3,0,5
814,188212,15,0,8
815,189479,15,0,8
816,171299,18,0,8
817,188216,10,0,8
818,188218,5,0,8
819,180521,4,0,8
820,189493,2,0,6
821,190312,16,0,8
822,186353,21,0,7
823,191885,6,0,8
824,183553,5,0,8
825,183577,10,0,8
826,191781,7,0,8
827,192028,14,0,8
828,192029,11,0,8
829,192053,17,0,8
830,170959,2,0,7
831,170960,2,0,0
832,183601,54,0,8
833,183794,406,0,8
834,191953,124,0,8
835,192055,675,0,8
836,192065,10,0,8
837,180255,16,0,6
838,180256,2,0,7
839,180268,0,0,8
840,185656,12,0,0
841,192100,10,0,0
842,215428,38,0,8
843,215430,235,0,8
844,172745,7,0,8
845,172746,191,0,8
846,172750,23,0,8
847,172751,12,0,8
848,175717,3,0,8
849,176108,26,0,8
850,176341,16,0,7
851,153826,4,0,7
852,154051,25,0,8
853,173996,6,0,8
854,170086,0,0,1
855,154052,8,0,8
856,154053,67,0,8
857,175289,1,0,8
858,172599,14,0,8
859,172600,19,0,8
860,172602,2,0,8
861,172710,18,0,8
862,172719,9,0,8
863,172735,45,0,8
864,175287,8,0,8
865,172737,47,0,8
866,169073,5,0,8
867,169074,9,0,8
868,169075,4,0,8
869,176135,22,0,8
870,176346,9,0,7
871,149635,13,0,8
872,153823,7,0,8
873,153824,3,0,6
874,179662,10,0,8
875,179664,1043,0,8
876,173399,9,0,8
877,173400,2,0,8
878,173402,1,0,8
879,166722,2,0,8
880,153821,6,0,8
881,153822,4,0,7
882,155295,3,0,8
883,173407,2,0,8
884,173409,20,0,8
885,170604,19,0,8
886,170612,8,0,8
887,170613,99,0,8
888,170651,384,0,8
889,166718,32,0,8
890,156724,1,0,8
891,155179,2,0,8
892,155180,2,0,8
893,155182,17,0,8
894,170581,34,0,8
895,175318,69,0,7
896,166716,9,0,8
897,172738,16,0,8
898,172742,14,0,8
899,172743,34,0,8
900,209064,1660,0,6
901,156689,708,0,8
902,150600,38,0,8
903,150601,7,0,8
904,209065,744,0,8
905,156695,5,0,8
906,150602,15,0,5
907,193128,39,0,8
908,156713,7,0,8
909,150603,3,0,6
910,149632,23,0,8
911,149633,15,0,6
912,150597,56,0,8
913,150598,2,0,8
914,197582,3,0,0
915,197584,8,0,6
916,191525,14,0,8
917,173931,100,0,8
918,173932,100,0,8
919,186084,2,0,0
920,176076,6,0,8
921,184549,43,0,8
922,184552,189,0,8
923,185066,44,0,8
924,185272,4,0,8
925,185277,34,0,8
926,178312,46,0,8
927,179127,18,0,8
928,179131,2,0,7
929,184315,4,0,4
930,163219,7,0,8
931,176100,2,0,8
932,186033,4,0,0
933,186036,5,0,0
934,186037,4,0,0
935,185347,1,0,8
936,185348,1,0,8
937,185349,0,0,7
938,170566,14,0,8
939,179214,3,0,7
940,170568,4,0,8
941,160460,8,0,8
942,178236,29,0,8
943,178256,9,0,8
944,181332,21,0,8
945,180378,66,0,8
946,179818,28,0,8
947,170057,12,0,8
948,160690,5,0,8
949,160695,5,0,7
950,183117,3,0,8
951,187127,4,0,8
952,187128,11,0,8
953,186032,5,0,0
954,185021,144,0,8
955,185838,17,0,6
956,196372,2,0,8
957,179539,20,0,8
958,179804,3,0,7
959,180620,0,0,0
960,185350,1,0,3
961,178306,12,0,8
962,179994,5,0,8
963,179995,8,0,8
964,182686,3,0,8
965,197585,9,0,6
966,197586,5,0,8
967,194241,4,0,8
968,194261,732,0,7
969,194262,93,0,8
970,194263,539,0,8
971,167438,93,0,0
972,167447,1,0,0
973,167448,3,0,0
974,167449,7,0,6
975,191527,8,0,8
976,182429,2,0,7
977,182430,19,0,8
978,182431,49,0,8
979,182433,3,0,8
980,183669,11,0,5
981,184707,76,0,5
982,193767,695,0,8
983,193768,1677,0,8
984,194264,334,0,7
985,194266,732,0,7
986,192926,16,0,8
987,192933,55,0,8
988,192935,4,0,8
989,192944,37,0,8
990,183087,41,0,4
991,183090,3,0,8
992,187350,4,0,8
993,185873,88,0,5
994,185877,320,0,0
995,185927,5,0,8
996,185930,0,0,0
997,197325,50,0,8
998,192947,274,0,8
999,195564,1,0,8
1000,177856,12,0,4
1001,177858,3,0,6
1002,177859,3,0,7
1003,177860,20,0,7
1004,177861,6,0,8
1005,177863,344,0,8
1006,197934,30,0,8
1007,197982,2,0,8
1008,198501,3,0,8
1009,184736,11,0,7
1010,181321,15,0,8
1011,180899,29,0,8
1012,197346,174,0,8
1013,167469,5,0,0
1014,191514,67,0,8
1015,191516,12,0,8
1016,191517,6,0,8
1017,191519,549,0,8
1018,191521,7,0,8
1019,188802,0,0,6
1020,188807,13,0,7
1021,188811,0,0,8
1022,195074,1205,0,8
1023,195075,6,0,8
1024,180904,3643,0,8
1025,178297,389,0,8
1026,178307,32,0,8
1027,178310,122,0,8
1028,167434,1,0,5
1029,167436,5,0,7
1030,192925,6,0,8
1031,177864,4,0,7
1032,177865,277,0,7
1033,177866,0,0,8
1034,177867,5,0,8
1035,184016,1,0,6
1036,179538,18,0,8
1037,176578,8,0,0
1038,177824,3,0,0
1039,175986,9,0,8
1040,173626,4,0,4
1041,173628,4,0,4
1042,173646,3,0,7
1043,203062,1182,0,8
1044,203068,2694,0,8
1045,201418,13,0,7
1046,201419,9,0,7
1047,202805,84,0,8
1048,200847,3024,0,8
1049,202305,327,0,8
1050,203299,11,0,8
1051,202499,191,0,8
1052,202945,30,0,8
1053,203096,371,0,8
1054,202502,101,0,8
1055,202111,41,0,8
1056,196799,2458,0,8
1057,202364,3678,0,8
1058,196800,3435,0,8
1059,203475,1149,0,8
1060,196776,30,0,8
1061,196798,3590,0,8
1062,203072,3412,0,8
1063,203073,3412,0,8
1064,202319,25,0,8
1065,202020,9,0,8
1066,141799,686,-1,-1
1067,200283,142,0,8
1068,184020,17,0,8
1069,184023,2,0,4
1070,184024,2,0,6
1071,179462,3,0,8
1072,179463,5,0,8
1073,173676,10,0,8
1074,182330,2,0,6
1075,182353,1,0,0
1076,182401,19,0,8
1077,182411,2,0,7
1078,184007,8,0,0
1079,179457,10,0,8
1080,179913,0,0,0
1081,184009,1,0,2
1082,185429,1,0,8
1083,185430,3,0,8
1084,203176,0,0,8
1085,200730,4,0,7
1086,203017,9,0,8
1087,203018,24,0,8
1088,200602,36,0,6
1089,203043,12,0,8
1090,199865,102,0,8
1091,203395,695,0,8
1092,202210,1087,0,8
1093,144655,10,0,8
1094,203564,457,0,8
1095,200595,752,0,8
1096,198003,11,0,8
1097,203989,29,0,8
1098,203988,457,0,8
1099,204244,462,0,8
1100,202306,23,0,8
1101,202344,22,0,7
1102,202941,7,0,8
1103,202942,4,0,8
1104,201979,146,0,8
1105,202275,70,0,8
1106,203675,102,0,8
1107,203668,3,0,8
1108,203670,176,0,8
1109,203672,49,0,8
1110,202211,53,0,8
1111,202217,53,0,8
1112,202295,27,0,8
1113,203074,2179,0,8
1114,203075,3143,0,8
1115,200704,49,0,8
1116,202501,657,0,8
1117,199881,4,0,8
1118,201362,2,0,8
1119,201340,5,0,8
1120,201364,4,0,8
1121,201343,109,0,8
1122,202936,4,0,8
1123,202792,12,0,8
1124,202940,20,0,8
1125,202307,36,0,8
1126,203200,0,0,8
1127,203201,73,0,8
1128,203015,12,0,8
1129,203016,18,0,8
1130,202324,18,0,8
1131,202329,41,0,8
1132,202347,7,0,8
1133,200314,11,0,8
1134,203039,4,0,8
1135,207394,51,0,8
1136,202335,3,0,8
1137,202349,1,0,8
1138,200729,15,0,7
1139,203076,2870,0,8
1140,203040,3,0,8
1141,202490,3,0,8
1142,201378,87,0,8
1143,201363,5,0,8
1144,202946,13,0,8
1145,197135,3,0,8
1146,203182,3,0,8
1147,202354,7,0,8
1148,197623,2,0,8
1149,202800,30,0,8
1150,202799,4,0,8
1151,203169,9,0,8
1152,197133,6,0,8
1153,200769,5,0,8
1154,203042,20,0,8
1155,202934,6,0,8
1156,170913,1,0,7
1157,197648,10,0,0
1158,192031,5,0,0
1159,192033,1,0,0
1160,192034,9,0,0
1161,192035,8,0,0
1162,196561,28,0,8
1163,190111,23,0,8
1164,190112,5,0,8
1165,190113,111,0,8
1166,190337,11,0,8
1167,190686,8,0,0
1168,191224,49,0,8
1169,195640,20,0,8
1170,193171,348,0,8
1171,193172,41,0,8
1172,194242,1360,0,8
1173,194252,9,0,8
1174,194573,2,0,7
1175,184000,4,0,8
1176,193173,968,0,8
1177,193174,152,0,8
1178,193220,16,0,8
1179,193223,170,0,8
1180,193224,117,0,8
1181,193225,15,0,8
1182,190811,30,0,8
1183,190814,22,0,8
1184,190815,2,0,8
1185,187370,9,0,8
1186,194189,1,0,0
1187,194190,0,0,6
1188,183845,4,0,8
1189,194359,1,0,8
1190,194360,3,0,8
1191,195608,44,0,8
1192,195636,19,0,8
1193,187484,2,0,3
1194,195764,1,0,8
1195,188561,7,0,8
1196,194710,22,0,7
1197,195637,8,0,8
1198,195641,20,0,8
1199,187452,20,0,8
1200,190650,6,0,8
1201,190803,381,0,8
1202,186729,2,0,8
1203,195949,1,0,8
1204,194695,7,0,7
1205,180213,70,0,8
1206,197578,2,0,0
1207,166498,649,0,8
1208,166510,4,0,8
1209,166511,12,0,8
1210,187062,7,0,8
1211,195605,138,0,8
1212,176502,11,0,8
1213,193848,7,0,3
1214,191483,44,0,8
1215,197581,8,0,0
1216,166512,24,0,8
1217,193507,6,0,8
1218,188902,13,0,8
1219,190393,642,0,8
1220,195607,7,0,8
1221,193785,11,0,8
1222,191969,648,0,7
1223,190370,8,0,8
1224,190560,1,0,8
1225,190565,8,0,8
1226,193236,4,0,6
1227,193226,23,0,8
1228,190295,1,0,6
1229,190297,2,0,4
1230,190298,2,0,6
1231,175941,13,0,7
1232,186742,249,0,8
1233,192948,992,0,8
1234,194525,32,0,8
1235,194528,1,0,8
1236,194530,523,0,5
1237,188578,3,0,8
1238,193154,44,0,5
1239,193155,97,0,8
1240,193156,20,0,8
1241,193157,1913,0,8
1242,193159,140,0,8
1243,193162,1067,0,8
1244,193164,21,0,8
1245,188133,6,0,8
1246,192612,0,0,0
1247,192613,2,0,0
1248,192614,2,0,6
1249,171352,0,0,0
1250,192949,4,0,8
1251,192992,26,0,8
1252,195238,14,0,8
1253,191428,3,0,8
1254,194534,574,0,8
1255,194536,154,0,8
1256,193676,904,0,8
1257,193677,177,0,8
1258,193683,325,0,8
1259,193131,111,0,8
1260,193132,26,0,8
1261,188590,77,0,8
1262,188592,164,0,8
1263,197657,1,0,0
1264,193169,204,0,8
1265,192615,0,0,0
1266,192616,2,0,7
1267,196302,0,0,8
1268,196769,82,0,8
1269,193691,5,0,7
1270,193695,63,0,8
1271,187066,26,0,6
1272,187067,0,0,0
1273,197679,8,0,0
1274,189295,27,0,8
1275,191897,51,0,8
1276,189099,15,0,7
1277,197658,1,0,5
1278,197660,7,0,8
1279,197661,7,0,8
1280,197662,3,0,7
1281,166430,144,0,8
1282,195461,1,0,8
1283,195462,43,0,8
1284,195467,33,0,8
1285,195470,115,0,8
1286,170896,3,0,6
1287,196773,4,0,8
1288,196774,1,0,8
1289,196775,23,0,8
1290,196778,20,0,8
1291,187068,0,0,0
1292,187070,1,0,0
1293,192027,55,0,5
1294,192030,7,0,0
1295,197004,22,0,8
1296,189103,13,0,8
1297,189105,82,0,8
1298,166483,133,0,8
1299,166489,7,0,8
1300,166493,277,0,8
1301,188145,1,0,8
1302,188163,153,0,8
1303,188176,24,0,8
1304,187395,3,0,0
1305,194538,33,0,8
1306,194539,65,0,8
1307,194540,237,0,8
1308,193143,78,0,8
1309,193144,140,0,8
1310,193145,106,0,8
1311,193146,44,0,5
1312,193149,13,0,8
1313,193150,18,0,8
1314,193151,2,0,8
1315,176968,9,0,8
1316,186738,98,0,8
1317,192605,0,0,8
1318,192606,0,0,0
1319,192607,1,0,7
1320,192608,0,0,0
1321,193663,5,0,7
1322,196779,4,0,8
1323,197577,2,0,8
1324,195879,0,0,8
1325,193152,117,0,8
1326,191906,17,0,7
1327,192609,2,0,0
1328,192610,4,0,1
1329,192611,1,0,0
1330,166059,4,0,8
1331,166070,52,0,4
1332,166069,7,0,7
1333,200273,828,0,8
1334,208097,801,0,8
1335,200378,50,0,8
1336,198212,2,0,8
1337,197931,13,0,8
1338,198726,1,0,8
1339,198998,7,0,8
1340,200280,3,0,8
1341,198735,10,0,8
1342,167555,4158,0,8
1343,167556,2689,0,8
1344,167563,65,0,8
1345,167568,34,0,8
1346,167571,14,0,8
1347,206150,492,0,8
1348,206151,817,0,8
1349,206152,402,0,8
1350,188662,2,0,4
1351,198610,1207,0,8
1352,199447,11,0,8
1353,199470,2,0,8
1354,199472,15,0,8
1355,200312,411,0,8
1356,200309,10,0,8
1357,197469,1,0,8
1358,198052,15,0,6
1359,198053,4,0,5
1360,199976,3,0,0
1361,199982,3,0,8
1362,198371,85,0,8
1363,196891,56,0,8
1364,197470,3,0,8
1365,198089,6,0,8
1366,199967,3,0,8
1367,199971,28,0,8
1368,186953,4,0,6
1369,198093,64,0,8
1370,198094,13,0,8
1371,198095,10,0,8
1372,205352,1528,0,7
1373,205356,337,0,8
1374,206149,326,0,8
1375,199972,0,0,8
1376,197500,22,0,8
1377,197501,21,0,8
1378,197503,11,0,8
1379,186954,13,0,7
1380,186955,26,0,8
1381,186956,0,0,6
1382,186957,129,0,5
1383,199436,2,0,8
1384,197504,3,0,8
1385,198611,1207,0,8
1386,200561,139,0,8
1387,198515,5,0,8
1388,199286,14,0,8
1389,199306,786,0,8
1390,206704,79,0,8
1391,199439,2,0,8
1392,199442,22,0,8
1393,200310,338,0,8
1394,265066,85,0,8
1395,206153,291,0,8
1396,206154,314,0,8
1397,199443,47,0,8
1398,199444,155,0,8
1399,199445,11,0,7
1400,206155,168,0,8
1401,167456,53,0,8
1402,200563,143,0,8
1403,200571,609,0,8
1404,200572,19,0,8
1405,175081,2,0,8
1406,199973,97,0,8
1407,196071,7,0,8
1408,197894,5,0,8
1409,197897,8,0,8
1410,199383,48,0,8
1411,166072,10,0,8
1412,166074,9,0,8
1413,200414,1,0,8
1414,200416,5,0,8
1415,200417,4,0,8
1416,262542,23,0,8
1417,262543,18,0,8
1418,196997,26,0,0
1419,198239,2,0,8
1420,194025,16,0,8
1421,197505,4,0,8
1422,197445,0,0,8
1423,197896,2,0,8
1424,168403,5,0,8
1425,200894,146,0,8
1426,197488,1,0,8
1427,197489,2,0,8
1428,166192,102,0,7
1429,166203,28,0,8
1430,197496,0,0,8
1431,197506,7,0,8
1432,197507,8,0,8
1433,197508,18,0,8
1434,198734,32,0,8
1435,200136,15,0,8
1436,196074,4,0,8
1437,197053,2,0,7
1438,197056,6,0,8
1439,197058,10,0,8
1440,197903,2,0,8
1441,197925,10,0,8
1442,197920,92,0,8
1443,200279,12,0,8
1444,197813,37,0,7
1445,167218,11,0,8
1446,197497,10,0,8
1447,197502,1788,0,8
1448,198559,112,0,8
1449,187393,4,0,0
1450,200311,338,0,8
1451,200142,5,0,8
1452,200143,10,0,8
1453,197482,4,0,8
1454,200169,7,0,8
1455,197814,20,0,8
1456,199814,13,0,8
1457,198240,11,0,6
1458,198246,198,0,0
1459,198993,103,0,8
1460,199007,2,0,8
1461,199043,0,0,8
1462,200281,7,0,8
1463,197900,5,0,8
1464,197899,7,0,8
1465,197901,25,0,8
1466,199386,1813,0,8
1467,166076,11,0,8
1468,166077,4,0,8
1469,166180,18,0,7
1470,166182,0,0,8
1471,197490,0,0,8
1472,167551,31,0,8
1473,198214,58,0,8
1474,200278,10,0,8
1475,166190,55,0,8
1476,197491,2,0,8
1477,197493,6,0,8
1478,197495,3,0,8
1479,167294,3,0,8
1480,206545,21,0,8
1481,204001,4,0,8
1482,206030,2,0,8
1483,206879,8,0,8
1484,206397,12,0,8
1485,206660,3,0,8
1486,206668,183,0,8
1487,206672,165,0,8
1488,202004,9,0,8
1489,202006,3,0,8
1490,207521,442,0,8
1491,208491,9,0,8
1492,206678,292,0,8
1493,203020,84,0,8
1494,206880,6,0,8
1495,200365,13,0,8
1496,207496,1993,0,5
1497,207515,348,0,8
1498,203044,5,0,8
1499,203019,4,0,8
1500,201985,1,0,8
1501,147153,327,0,8
1502,147830,8,0,8
1503,207502,149,0,8
1504,206674,111,0,8
1505,206675,168,0,8
1506,206676,417,0,8
1507,203021,2,0,8
1508,206875,7,0,8
1509,202245,4,0,8
1510,206032,3,0,8
1511,206033,8,0,8
1512,206034,41,0,8
1513,204003,36,0,8
1514,204102,10,0,8
1515,202261,162,0,8
1516,204101,8,0,8
1517,203958,353,0,8
1518,196562,3,0,8
1519,147570,4,0,0
1520,207837,0,0,8
1521,207838,12,0,8
1522,207839,0,0,8
1523,209276,9,0,8
1524,209277,10,0,8
1525,209316,6,0,8
1526,147560,4,0,0
1527,208686,57,0,8
1528,208744,8,0,8
1529,210170,110,0,8
1530,206408,4,0,6
1531,209271,7,0,8
1532,209043,6,0,8
1533,210149,51,0,8
1534,210153,13,0,8
1535,207914,9,0,8
1536,202003,9,0,8
1537,208131,4,0,8
1538,209044,3,0,8
1539,208646,8,0,8
1540,209005,114,0,8
1541,210158,776,0,8
1542,207541,13,0,8
1543,201993,3,0,8
1544,207539,81,0,8
1545,207543,2,0,8
1546,210136,30,0,8
1547,262552,90,0,8
1548,262553,173,0,8
1549,262554,20,0,8
1550,207931,3,0,8
1551,210138,9,0,8
1552,210148,32,0,8
1553,202008,4,0,8
1554,208506,3,0,8
1555,208711,24,0,8
1556,262549,301,0,8
1557,262550,37,0,8
1558,262551,60,0,8
1559,206409,12,0,8
1560,202264,10,0,8
1561,208512,0,0,8
1562,208745,30,0,8
1563,208746,3,0,8
1564,208934,11,0,8
1565,206679,5,0,7
1566,206410,11,0,6
1567,206411,1,0,6
1568,207886,21,0,8
1569,210164,472,0,8
1570,210167,176,0,8
1571,209511,6,0,8
1572,199211,1,0,8
1573,199210,2,0,8
1574,199213,6,0,8
1575,200601,41,0,8
1576,207436,106,0,8
1577,202786,0,0,8
1578,207410,114,0,8
1579,207579,86,0,8
1580,209299,3,0,8
1581,147544,4,0,0
1582,207017,4,0,8
1583,147868,5,0,8
1584,147878,4,0,8
1585,202252,2,0,8
1586,209301,1,0,8
1587,209306,7,0,8
1588,207428,13,0,8
1589,207411,86,0,8
1590,207581,43,0,8
1591,207582,114,0,8
1592,207840,9,0,8
1593,209310,4,0,8
1594,207019,0,0,8
1595,206882,1,0,6
1596,208096,48,0,8
1597,205597,9,0,8
1598,206889,1,0,8
1599,202001,2,0,8
1600,207836,553,0,7
1601,147881,6,0,8
1602,147885,29,0,7
1603,209313,9,0,8
1604,209315,3,0,8
1605,203307,3351,0,8
1606,202100,5,0,8
1607,204154,11,0,8
1608,204155,2,0,7
1609,204156,6,0,7
1610,204157,3,0,8
1611,197803,38,0,8
1612,197804,169,0,8
1613,168048,3,0,8
1614,200030,4,0,8
1615,200028,233,0,8
1616,200129,439,0,8
1617,200120,182,0,8
1618,196307,29,0,8
1619,194976,18,0,8
1620,196037,23,0,8
1621,197889,0,0,8
1622,197891,1,0,8
1623,203964,35,0,8
1624,167572,10,0,8
1625,167573,2,0,8
1626,195996,20,0,8
1627,195998,15,0,8
1628,195999,2,0,8
1629,196000,17,0,8
1630,197892,4,0,8
1631,168402,954,0,8
1632,200431,128,0,8
1633,200437,6,0,8
1634,200439,11,0,8
1635,198204,28,0,8
1636,198206,9,0,8
1637,198208,8,0,8
1638,203991,1207,0,8
1639,203996,353,0,8
1640,204162,3,0,8
1641,200025,4,0,8
1642,199373,10,0,8
1643,196004,24,0,8
1644,196014,2,0,8
1645,197828,1602,0,8
1646,197880,8,0,8
1647,192718,7,0,8
1648,200443,2,0,8
1649,200123,0,0,8
1650,164517,17,0,8
1651,202259,14,0,8
1652,200027,210,0,8
1653,184686,3,0,8
1654,194945,5,0,8
1655,194974,15,0,8
1656,200282,1813,0,8
1657,197881,13,0,8
1658,193193,298,0,8
1659,193194,469,0,8
1660,200135,1,0,8
1661,196039,7,0,8
1662,196042,11,0,8
1663,196045,4,0,8
1664,196047,3,0,8
1665,196056,3,0,8
1666,199372,0,0,8
1667,195966,1,0,8
1668,195989,8,0,8
1669,195990,15,0,8
1670,195993,13,0,8
1671,195994,4,0,8
1672,189650,278,0,8
1673,168399,4191,0,8
1674,168400,1424,0,8
1675,168401,325,0,8
1676,200124,38,0,8
1677,198136,45,0,8
1678,198137,3,0,8
1679,198138,2,0,8
1680,200917,313,0,8
1681,200922,1504,0,8
1682,198211,5,0,8
1683,198213,12,0,8
1684,166049,4,0,8
1685,166051,11,0,8
1686,188860,16,0,8
1687,197810,31,0,8
1688,197812,70,0,8
1689,197826,36,0,8
1690,200125,50,0,8
1691,200122,102,0,8
1692,198200,13,0,8
1693,198202,20,0,8
1694,198203,14,0,8
1695,166055,6,0,8
1696,166056,1,0,8
1697,166057,1,0,8
1698,168390,4499,0,8
1699,198083,44,0,8
1700,166048,7,0,8
1701,199735,2,0,8
1702,199117,11,0,8
1703,195960,19,0,8
1704,195962,4,0,8
1705,198085,4,0,8
1706,198090,55,0,8
1707,198127,4,0,8
1708,198129,14,0,8
1709,198132,9,0,8
1710,198133,14,0,8
1711,199466,29,0,8
1712,199375,3,0,8
1713,203997,17,0,8
1714,206036,155,0,8
1715,198736,338,0,8
1716,199113,85,0,8
1717,194829,439,0,8
1718,194831,32,0,8
1719,197807,686,0,8
1720,197809,244,0,8
1721,200121,6,0,6
1722,200315,0,0,8
1723,198054,12,0,6
1724,199385,142,0,8
1725,199387,622,0,8
1726,199374,7,0,8
1727,196016,232,0,8
1728,196019,2,0,8
1729,196021,2,0,8
1730,196022,12,0,8
1731,196033,6,0,8
1732,202101,15,0,8
1733,202102,11,0,8
1734,202103,6,0,8
1735,202104,4,0,8
1736,203953,212,0,8
1737,203954,136,0,8
1738,203955,1207,0,8
1739,202105,6,0,8
1740,202110,83,0,8
1741,204148,652,0,8
1742,202218,38,0,8
1743,197652,5,0,0
1744,203771,1330,0,8
1745,204149,788,0,8
1746,204161,1,0,8
1747,203956,155,0,8
1748,203957,398,0,8
1749,203960,4,0,8
1750,204153,39,0,8
1751,202384,2,0,8
1752,202787,23,0,8
1753,202249,5,0,8
1754,205193,224,0,8
1755,201984,1,0,8
1756,201996,0,0,8
1757,149139,227,0,8
1758,149140,8,0,8
1759,207648,261,0,8
1760,201998,8,0,8
1761,205551,20,0,8
1762,202256,4,0,8
1763,146411,33,0,8
1764,202248,5,0,8
1765,146508,488,0,8
1766,202250,5,0,8
1767,203029,1,0,8
1768,203035,1,0,8
1769,203030,6,0,8
1770,201989,5,0,8
1771,207694,203,0,8
1772,207703,53,0,8
1773,202498,383,0,8
1774,202500,949,0,8
1775,147154,135,0,8
1776,147155,546,0,8
1777,147156,142,0,8
1778,147818,32,0,8
1779,147831,10,0,8
1780,203031,2,0,8
1781,207720,914,0,8
1782,202812,6,0,8
1783,202788,256,0,8
1784,207686,82,0,8
1785,207688,803,0,8
1786,207682,437,0,8
1787,202334,2,0,6
1788,204160,43,0,8
1789,207711,127,0,8
1790,207713,232,0,8
1791,201997,0,0,8
1792,206788,0,0,8
1793,201994,2,0,8
1794,146419,26,0,8
1795,146430,9,0,8
1796,206894,2,0,8
1797,202005,3,0,8
1798,201987,0,0,8
1799,202254,6,0,8
1800,203032,10,0,8
1801,203033,1,0,8
1802,207707,324,0,8
1803,206887,2,0,8
1804,205179,10,0,8
1805,205184,23,0,6
1806,205185,8,0,8
1807,201986,0,0,8
1808,201992,3,0,8
1809,207644,1294,0,7
1810,207171,0,0,8
1811,207685,41,0,8
1812,201990,1,0,8
1813,202247,5,0,8
1814,201991,4,0,8
1815,208725,9,0,8
1816,208727,6,0,8
1817,202002,1,0,8
1818,202007,4,0,8
1819,202258,6,0,8
1820,207542,21,0,8
1821,207849,4,0,8
1822,207693,6,0,8
1823,202492,22,0,8
1824,202253,6,0,8
1825,207591,607,0,8
1826,202255,4,0,8
1827,202000,2,0,8
1828,207650,268,0,8
1829,202263,10,0,8
1830,207638,13,0,8
1831,202244,4,0,8
1832,207848,21,0,8
1833,150239,88,0,8
1834,150242,9,0,8
1835,200306,2,0,8
1836,200308,17,0,8
1837,200705,42,0,8
1838,200706,12,0,8
1839,200707,415,0,8
1840,200732,5,0,8
1841,200733,10,0,8
1842,200734,40,0,8
1843,149120,6,0,8
1844,200764,45,0,8
1845,149576,13,0,8
1846,148655,471,0,8
1847,149823,621,0,8
1848,200712,85,0,8
1849,200718,7,0,8
1850,200720,15,0,8
1851,200721,19,0,8
1852,148931,9,0,8
1853,200747,7,0,8
1854,200709,382,0,8
1855,200722,26,0,8
1856,144722,6,0,8
1857,200748,147,0,8
1858,200749,19,0,8
1859,200750,5,0,8
1860,201999,8,0,8
1861,151419,42,0,8
1862,200711,238,0,8
1863,200710,382,0,8
1864,200715,153,0,8
1865,200717,70,0,8
1866,147178,0,0,8
1867,141619,3,0,8
1868,141623,19,0,8
1869,150247,6,0,8
1870,149121,4,0,8
1871,147173,1,0,8
1872,200744,1,0,8
1873,200745,9,0,8
1874,200746,147,0,8
1875,147851,10,0,8
1876,200756,0,0,8
1877,144721,19,0,8
1878,200741,146,0,8
1879,204000,28,0,8
1880,200766,13,0,8
1881,200799,5,0,8
1882,200801,147,0,8
1883,146877,0,0,8
1884,200742,85,0,8
1885,200743,15,0,8
1886,146878,4,0,8
1887,146879,41,0,8
1888,146880,8,0,8
1889,147852,7,0,8
1890,144723,19,0,8
1891,200724,9,0,8
1892,200725,63,0,8
1893,200751,251,0,8
1894,200752,788,0,8
1895,200754,28,0,8
1896,200824,102,0,8
1897,200826,21,0,8
1898,200827,43,0,8
1899,200828,0,0,8
1900,200662,230,0,8
1901,200667,147,0,8
1902,200840,9,0,8
1903,200841,147,0,8
1904,148700,32,0,8
1905,148701,12,0,8
1906,210229,1188,0,8
1907,200708,415,0,8
1908,209596,2010,0,8
1909,209595,609,0,8
1910,200829,146,0,8
1911,199115,399,0,8
1912,200830,788,0,8
1913,200842,5,0,8
1914,200843,147,0,8
1915,200844,7,0,8
1916,141612,1056,0,8
1917,209597,1095,0,8
1918,200831,85,0,8
1919,200832,28,0,8
1920,200833,5,0,8
1921,200663,85,0,8
1922,200668,147,0,8
1923,209598,1692,0,8
1924,209599,482,0,8
1925,199389,17,0,8
1926,199514,58,0,8
1927,199519,86,0,8
1928,200265,85,0,8
1929,144715,9,0,8
1930,200701,63,0,8
1931,200703,5,0,8
1932,200845,0,0,8
1933,200848,5,0,8
1934,149539,3,0,8
1935,149575,72,0,8
1936,149574,145,0,8
1937,149752,16,0,8
1938,210096,1236,0,8
1939,200266,64,0,8
1940,200834,0,0,8
1941,200835,43,0,8
1942,200837,15,0,8
1943,148608,63,0,8
1944,150237,33,0,8
1945,200815,8,0,8
1946,200816,11,0,8
1947,200817,19,0,8
1948,200838,1,0,8
1949,200839,8,0,8
1950,200820,143,0,8
1951,200821,289,0,8
1952,200822,672,0,8
1953,200823,55,0,8
1954,152618,30,0,8
1955,152653,2,0,6
1956,151614,1,0,8
1957,151579,16,0,8
1958,165605,2,0,0
1959,152625,36,0,8
1960,152626,120,0,8
1961,152627,30,0,8
1962,144545,365,0,8
1963,152622,9,0,8
1964,150251,642,0,8
1965,152548,30,0,8
1966,145889,16,0,8
1967,150252,416,0,8
1968,152551,9,0,8
1969,152607,20,0,8
1970,152555,3,0,8
1971,152557,2,0,8
1972,152601,3,0,8
1973,152624,4,0,8
1974,149634,12,0,8
1975,151820,3,0,8
1976,152628,6,0,8
1977,152629,11,0,8
1978,150958,19,0,7
1979,150963,11,0,8
1980,150941,0,0,8
1981,152509,5,0,8
1982,151821,2,0,8
1983,152500,8,0,8
1984,152501,29,0,8
1985,152506,23,0,8
1986,152510,62,0,8
1987,152545,17,0,8
1988,200803,7,0,8
1989,200804,0,0,8
1990,150599,73,0,8
1991,200805,9,0,8
1992,200807,51,0,8
1993,200810,103,0,8
1994,200813,10,0,8
1995,200814,6,0,8
1996,152558,12,0,8
1997,210172,427,0,8
1998,210180,18,0,8
1999,209275,9,0,8
2000,210278,1745,0,8
2001,210280,64,0,8
2002,209079,5,0,8
2003,209080,1,0,8
2004,207587,5,0,8
2005,207847,21,0,8
2006,208078,3383,0,8
2007,208915,6,0,8
2008,208849,126,0,8
2009,210121,5,0,8
2010,208851,0,0,8
2011,208852,9,0,8
2012,208853,305,0,8
2013,208854,3,0,8
2014,208706,15,0,8
2015,208708,10,0,8
2016,210122,5,0,8
2017,210126,6,0,8
2018,208816,521,0,8
2019,209070,4,0,8
2020,208074,119,0,8
2021,198742,6,0,8
2022,210103,979,0,8
2023,208511,9,0,8
2024,210119,165,0,8
2025,210120,247,0,8
2026,209038,8,0,8
2027,209010,3,0,8
2028,209007,3,0,8
2029,208848,217,0,8
2030,208813,0,0,8
2031,208814,0,0,8
2032,209039,179,0,8
2033,209040,198,0,8
2034,209041,2,0,8
2035,209042,8,0,8
2036,202296,49,0,8
2037,202257,6,0,8
2038,202251,2,0,8
2039,208815,99,0,8
2040,199388,6,0,8
2041,200798,147,0,8
2042,208855,0,0,8
2043,208707,39,0,8
2044,210128,14,0,8
2045,202820,31,0,8
2046,210094,1759,0,8
2047,210095,12,0,8
2048,208965,90,0,8
2049,208974,6,0,8
2050,201687,62,0,8
2051,201699,2,0,8
2052,210133,9,0,8
2053,210135,8,0,8
2054,201988,5,0,8
2055,201982,0,0,8
2056,210224,39,0,8
2057,208850,129,0,8
2058,209272,3,0,8
2059,208926,17,0,8
2060,207546,40,0,8
2061,203993,363,0,8
2062,209298,0,0,8
2063,203994,398,0,8
2064,148697,28,0,8
2065,209274,14,0,8
2066,210227,14,0,8
2067,210230,1491,0,8
2068,209273,4,0,8
2069,209269,12,0,8
2070,207592,2,0,8
2071,209011,6,0,8
2072,208642,2,0,8
2073,210239,1033,0,8
2074,209078,8,0,8
2075,208468,4,0,8
2076,208490,0,0,8
2077,208942,0,0,8
2078,208946,14,0,8
2079,151631,5,0,8
2080,151635,9,0,8
2081,153881,519,0,8
2082,153882,129,0,8
2083,208904,8,0,8
2084,208715,140,0,8
2085,153804,15,0,7
2086,153807,4,0,7
2087,164065,76,0,8
2088,153817,4,0,7
2089,155206,0,0,6
2090,215427,217,0,8
2091,187985,79,0,8
2092,187968,8,0,8
2093,215425,40,0,8
2094,208867,6,0,8
2095,154453,0,0,8
2096,154457,7,0,0
2097,154356,1234,0,8
2098,153792,403,0,8
2099,154388,233,0,8
2100,208729,3,0,8
2101,154627,6,0,8
2102,154661,134,0,7
2103,154671,3,0,8
2104,200636,0,0,8
2105,200637,48,0,8
2106,200638,370,0,8
2107,196088,209,0,8
2108,154047,129,0,7
2109,154064,273,0,8
2110,154116,2643,0,8
2111,151689,9,0,8
2112,154058,310,0,8
2113,154062,1438,0,8
2114,154063,339,0,8
2115,157479,1,0,0
2116,158431,73,0,8
2117,158432,38,0,8
2118,153831,0,0,8
2119,159206,222,0,8
2120,159198,8,0,0
2121,158434,15,0,7
2122,153828,0,0,6
2123,158435,4,0,7
2124,158437,7,0,8
2125,158440,3,0,6
2126,158444,3,0,7
2127,158575,5,0,8
2128,158569,0,0,8
2129,158581,4,0,8
2130,157488,8,0,0
2131,158439,15,0,5
2132,153829,5,0,8
2133,158450,9,0,7
2134,153830,2,0,6
2135,159133,17,0,8
2136,160184,2,0,7
2137,158506,54,0,8
2138,158568,11,0,8
2139,159134,51,0,8
2140,160185,5,0,8
2141,192622,2,0,4
2142,159322,1,0,8
2143,163633,119,0,8
2144,153239,11,0,0
2145,159073,12,0,8
2146,153964,3,0,8
2147,153965,1,0,7
2148,153966,7,0,8
2149,153967,6,0,5
2150,153968,0,0,7
2151,153835,0,0,8
2152,159079,64,0,8
2153,159075,6,0,8
2154,157249,6,0,8
2155,158969,87,0,8
2156,153837,2,0,8
2157,153838,2,0,8
2158,153839,1,0,5
2159,153840,4,0,8
2160,153841,0,0,7
2161,157296,11,0,8
2162,153238,8,0,6
2163,158452,9,0,8
2164,157246,7,0,1
2165,153957,4,0,4
2166,153958,13,0,8
2167,153959,2,0,8
2168,153960,2,0,2
2169,153961,7,0,8
2170,153962,13,0,0
2171,153963,8,0,8
2172,153833,7,0,8
2173,153834,2,0,8
2174,157557,15,0,8
2175,156336,14,0,8
2176,158448,6,0,8
2177,157308,10,0,8
2178,157309,10,0,8
2179,153832,4,0,8
2180,159233,1,0,7
2181,155207,5,0,5
2182,154701,0,0,7
2183,154702,6,0,4
2184,153811,15,0,5
2185,153812,3,0,7
2186,153813,3,0,7
2187,159031,6,0,8
2188,153814,3,0,6
2189,153818,4,0,7
2190,153815,6,0,8
2191,154065,94,0,8
2192,158430,55,0,8
2193,154645,2,0,6
2194,154732,104,0,8
2195,154626,2,0,8
2196,154674,5,0,8
2197,158576,9,0,8
2198,154048,6,0,8
2199,154049,15,0,8
2200,154050,19,0,8
2201,157492,1,0,2
2202,152630,4,0,8
2203,158972,5,0,8
2204,159632,16,0,8
2205,150973,6,0,8
2206,150974,14,0,8
2207,158965,50,0,8
2208,158810,9,0,8
2209,159633,167,0,8
2210,153115,0,0,6
2211,153116,6,0,7
2212,152547,6,0,8
2213,153117,30,0,6
2214,153118,2,0,2
2215,208647,18,0,8
2216,153119,2,0,6
2217,153120,1,0,0
2218,160697,3,0,5
2219,149637,22,0,6
2220,149765,4,0,8
2221,149584,1,0,8
2222,155279,3,0,8
2223,159123,55,0,8
2224,149537,2,0,8
2225,155278,2,0,8
2226,149538,5,0,8
2227,159649,10,0,8
2228,156017,8,0,0
2229,156016,7,0,0
2230,156018,4,0,0
2231,156019,2,0,8
2232,149577,2,0,8
2233,156687,76,0,8
2234,159826,5,0,8
2235,161271,222,0,0
2236,153253,116,0,8
2237,161276,199,0,8
2238,156023,4,0,0
2239,156055,2,0,8
2240,156028,5,0,6
2241,156049,169,0,8
2242,156243,142,0,8
2243,156057,11,0,8
2244,156052,38,0,4
2245,160096,7,0,8
2246,161212,3,0,8
2247,161160,3,0,8
2248,161162,44,0,8
2249,160104,15,0,8
2250,160108,6,0,8
2251,160098,6,0,8
2252,160100,46,0,8
2253,157945,156,0,8
2254,159212,6,0,0
2255,158507,0,0,6
2256,160574,7,0,0
2257,154913,8,0,8
2258,159137,6,0,8
2259,159926,6,0,7
2260,149536,2,0,8
2261,149636,274,0,8
2262,162468,27,0,8
2263,162471,504,0,8
2264,160584,25,0,7
2265,159821,136,0,8
2266,160097,6,0,8
2267,160102,3,0,7
2268,160105,11,0,8
2269,160106,97,0,7
2270,149535,8,0,8
2271,154492,24,0,8
2272,154514,3,0,8
2273,156168,14,0,8
2274,155679,4,0,8
2275,156170,5,0,2
2276,156173,3,0,8
2277,156175,6,0,0
2278,155682,4,0,8
2279,161211,2,0,5
2280,161215,0,0,8
2281,161220,0,0,5
2282,161222,4,0,8
2283,161223,17,0,8
2284,161292,3,0,6
2285,161294,4,0,5
2286,156181,6,0,7
2287,156278,14,0,8
2288,155217,146,0,8
2289,153618,10,0,8
2290,155499,0,0,8
2291,167641,10,0,8
2292,167642,12,0,8
2293,162077,468,0,7
2294,162075,7,0,8
2295,162076,0,0,8
2296,161194,5,0,0
2297,161206,2,0,8
2298,161790,2,0,8
2299,198989,3,0,8
2300,154534,3,0,8
2301,154535,5,0,8
2302,155654,18,0,8
2303,156015,78,0,8
2304,156020,4,0,4
2305,155661,26,0,8
2306,155698,137,0,8
2307,156050,4,0,0
2308,156051,5,0,0
2309,156053,5,0,0
2310,156054,501,0,8
2311,156056,24,0,8
2312,156252,6,0,0
2313,154520,4,0,8
2314,156778,731,0,8
2315,156781,34,0,8
2316,156914,117,0,7
2317,156916,5,0,8
2318,156917,4,0,8
2319,149288,26,0,8
2320,156915,5,0,8
2321,154570,9,0,8
2322,154571,113,0,8
2323,154532,6,0,8
2324,155702,12,0,8
2325,155719,6,0,8
2326,155717,19,0,8
2327,155723,112,0,8
2328,156277,14,0,8
2329,162078,8,0,8
2330,161883,0,0,0
2331,161884,1,0,0
2332,161885,0,0,0
2333,167659,9,0,8
2334,159096,12,0,8
2335,152310,7,0,7
2336,166287,16,0,8
2337,165020,27,0,8
2338,165021,890,0,8
2339,166302,7,0,8
2340,150101,5,0,6
2341,159039,3,0,7
2342,166004,24,0,8
2343,162022,4,0,8
2344,166058,12,0,8
2345,157634,5,0,8
2346,159049,6,0,8
2347,164233,15,0,8
2348,162079,52,0,4
2349,161187,4,0,8
2350,159097,145,0,8
2351,161296,2,0,8
2352,161299,3,0,8
2353,161300,3,0,8
2354,161301,0,0,8
2355,167650,12,0,8
2356,167656,3,0,8
2357,161303,1,0,4
2358,161304,3,0,8
2359,161306,4,0,8
2360,161307,2,0,8
2361,161308,5,0,7
2362,161309,0,0,8
2363,152306,4,0,4
2364,152307,127,0,7
2365,152308,7,0,7
2366,161974,169,0,8
2367,161766,8,0,8
2368,162080,63,0,8
2369,161767,4,0,4
2370,167644,12,0,8
2371,167645,5,0,8
2372,161311,1,0,8
2373,161312,1,0,0
2374,161313,1,0,7
2375,167646,0,0,8
2376,167648,10,0,8
2377,167657,18,0,8
2378,152309,54,0,8
2379,159211,37,0,0
2380,157360,0,0,8
2381,153244,3,0,6
2382,158597,1,0,8
2383,161086,10,0,8
2384,160204,37,0,8
2385,160463,100,0,8
2386,160465,10,0,8
2387,158817,12,0,8
2388,159071,3,0,8
2389,160462,1,0,8
2390,158956,432,0,8
2391,156338,5,0,7
2392,160989,314,0,8
2393,160704,8,0,5
2394,159121,30,0,7
2395,159124,1608,0,8
2396,160466,10,0,3
2397,160218,182,0,8
2398,160583,4,0,6
2399,159932,3,0,6
2400,160212,5,0,8
2401,160459,8,0,7
2402,158970,47,0,8
2403,156339,9,0,8
2404,156340,8,0,7
2405,156347,6,0,8
2406,160455,5,0,4
2407,153241,3,0,0
2408,156762,6,0,8
2409,159130,10,0,8
2410,153243,3,0,7
2411,156768,3,0,8
2412,159132,3,0,8
2413,157361,4,0,4
2414,153245,1,0,7
2415,156780,4,0,8
2416,158585,15,0,8
2417,149249,2874,0,8
2418,156990,80,0,8
2419,156993,1174,0,8
2420,153240,0,0,4
2421,159128,12,0,8
2422,159131,0,0,8
2423,158832,358,0,7
2424,153836,0,0,8
2425,166145,5,0,8
2426,167932,4,0,8
2427,171255,119,0,8
2428,171267,253,0,8
2429,171276,281,0,8
2430,171277,1318,0,8
2431,171280,184,0,8
2432,167649,3,0,8
2433,167689,4,0,0
2434,166332,5,0,7
2435,167168,79,0,8
2436,166330,0,0,8
2437,167986,29,0,8
2438,167997,1,0,8
2439,166327,4,0,8
2440,168088,9,0,8
2441,166326,10,0,8
2442,167191,2,0,6
2443,166876,5,0,8
2444,166877,0,0,7
2445,166323,4,0,0
2446,167188,6,0,8
2447,166864,7,0,0
2448,167185,9,0,7
2449,166007,13,0,8
2450,168037,38,0,8
2451,166885,3,0,7
2452,167618,4,0,8
2453,168038,26,0,8
2454,166324,1,0,0
2455,168022,7,0,8
2456,167913,9,0,7
2457,168004,54,0,8
2458,168011,241,0,8
2459,167186,6,0,8
2460,168249,37,0,8
2461,167055,205,0,7
2462,167054,127,0,7
2463,167056,1244,0,8
2464,167973,0,0,7
2465,167643,0,0,8
2466,167701,2,0,8
2467,167981,17,0,8
2468,166641,13,0,2
2469,168040,9,0,8
2470,167873,10,0,8
2471,171282,900,0,8
2472,165310,5,0,4
2473,167522,8,0,7
2474,166623,16,0,8
2475,166513,6,0,8
2476,167927,16,0,8
2477,166502,219,0,8
2478,167525,16,0,8
2479,167931,5,0,6
2480,166475,545,0,8
2481,166163,15,0,8
2482,166249,9,0,7
2483,167778,163,0,8
2484,166480,99,0,8
2485,168351,5,0,8
2486,166645,2,0,7
2487,166393,10,0,8
2488,166162,8,0,8
2489,171285,250,0,8
2490,171287,264,0,8
2491,168012,17,0,8
2492,168021,211,0,8
2493,165459,2,0,8
2494,163114,7,0,8
2495,162943,18,0,8
2496,162951,3,0,8
2497,162380,12,0,7
2498,202358,1,0,8
2499,163204,8,0,8
2500,163205,65,0,8
2501,163206,0,0,8
2502,157704,3,0,8
2503,162387,8,0,8
2504,162402,18,0,8
2505,162470,9,0,8
2506,157666,8,0,8
2507,157671,1,0,5
2508,157677,5,0,7
2509,157680,5,0,8
2510,157685,3,0,0
2511,164403,7,0,8
2512,159466,8,-1,-1
2513,159467,0,-1,-1
2514,159468,0,-1,-1
2515,157700,1,0,8
2516,157670,4,0,5
2517,157718,0,0,8
2518,157672,3,0,6
2519,157673,2,0,0
2520,164678,93,0,7
2521,164714,30,0,8
2522,159469,1,-1,-1
2523,164063,103,0,8
2524,164064,110,0,7
2525,162473,5,0,8
2526,164385,15,0,7
2527,164386,4,0,7
2528,157719,17,0,4
2529,157699,4,0,8
2530,163118,13,0,8
2531,164392,4,0,7
2532,164394,6,0,8
2533,164399,15,0,5
2534,161243,15,0,8
2535,162452,9,0,8
2536,162467,16,0,8
2537,164401,2,0,8
2538,164402,3,0,6
2539,157694,1,0,6
2540,157698,0,0,8
2541,162740,46,0,8
2542,162767,19,0,8
2543,162948,10,0,0
2544,163112,10,0,8
2545,163113,6,0,0
2546,162472,16,0,8
2547,164062,1986,0,8
2548,162758,36,0,8
2549,158416,1,-1,-1
2550,161202,4,0,8
2551,159470,0,-1,-1
2552,163208,143,0,8
2553,163198,11,0,8
2554,163203,116,0,8
2555,157701,1,0,5
2556,157687,0,0,8
2557,157689,0,0,7
2558,157690,0,0,0
2559,159471,0,-1,-1
2560,159472,0,-1,-1
2561,159473,0,-1,-1
2562,157816,0,-1,-1
2563,161926,5,0,8
2564,168475,0,0,0
2565,168477,10,0,4
2566,161290,2,0,8
2567,168934,23,0,4
2568,163245,376,0,5
2569,157714,1,0,4
2570,166830,3,0,8
2571,166832,3,0,5
2572,166860,12,0,8
2573,168537,16,0,8
2574,166828,6,0,8
2575,166850,3,0,8
2576,166836,6,0,8
2577,168233,0,0,0
2578,168234,3,0,0
2579,167600,18,0,8
2580,168483,3,0,8
2581,167579,217,0,8
2582,168237,0,0,0
2583,157717,1,0,8
2584,161227,6,0,0
2585,162859,3,0,8
2586,162955,9,0,8
2587,162956,18,0,8
2588,161192,2,0,8
2589,166840,6,0,8
2590,168941,43,0,8
2591,168942,29,0,8
2592,163359,17,0,8
2593,157715,1,0,8
2594,161196,7,0,0
2595,161208,9,0,7
2596,161310,5,0,0
2597,167652,4,0,8
2598,166109,5,0,8
2599,166397,4,0,0
2600,168024,8,0,0
2601,167647,31,0,8
2602,167720,128,0,8
2603,162660,4,0,5
2604,168051,4,0,8
2605,167596,28,0,8
2606,167598,1231,0,8
2607,168530,3,0,8
2608,169502,533,0,8
2609,169504,79,0,8
2610,164029,16,0,8
2611,164023,8,0,8
2612,166486,8,0,8
2613,166487,96,0,8
2614,165813,48,0,8
2615,159482,5,0,7
2616,166488,10,0,0
2617,166492,3,0,8
2618,166494,7,0,8
2619,178430,2,0,7
2620,166427,93,0,8
2621,168485,2,0,8
2622,168487,5,0,8
2623,167722,3,0,8
2624,167723,19,0,7
2625,165806,84,0,8
2626,165807,36,0,8
2627,165811,6,0,7
2628,182208,360,0,8
2629,168366,20,0,8
2630,162673,1,0,0
2631,162675,1,0,7
2632,162672,1,0,8
2633,168026,1,0,6
2634,165986,8,0,8
2635,162661,2,0,8
2636,168027,17,0,8
2637,168028,2,0,4
2638,168029,2,0,6
2639,162650,4,0,8
2640,162651,5,0,0
2641,166884,6,0,7
2642,162663,3,0,8
2643,162664,0,0,8
2644,162665,1,0,4
2645,162666,3,0,8
2646,162667,4,0,8
2647,162668,2,0,8
2648,162670,5,0,7
2649,162671,0,0,8
2650,167787,92,0,8
2651,162652,2,0,5
2652,162653,2,0,8
2653,162654,2,0,5
2654,162656,0,0,5
2655,162657,4,0,8
2656,162658,17,0,8
2657,162659,3,0,6
2658,168540,2,0,8
2659,168567,3,0,8
2660,168569,3,0,8
2661,159868,2,0,5
2662,166333,3,0,8
2663,167704,10,0,8
2664,167721,51,0,8
2665,167604,23,0,8
2666,167576,28,0,8
2667,167585,97,0,8
2668,166157,6,0,8
2669,169078,10,0,7
2670,166391,3,0,6
2671,167599,646,0,8
2672,168025,1,0,2
2673,168404,88,0,8
2674,166010,1,0,8
2675,228430,28,0,6
2676,166636,3,0,8
2677,168893,1,-1,-1
2678,166272,2,0,8
2679,167163,17,0,8
2680,165460,2,0,0
2681,165455,13,0,8
2682,165457,7,0,7
2683,166825,9,0,8
2684,166844,830,0,8
2685,167170,53,0,8
2686,165458,4,0,8
2687,165461,128,0,8
2688,165281,11,0,8
2689,165332,0,0,8
2690,167524,1,0,8
2691,165322,0,0,8
2692,165321,0,0,8
2693,165999,1,0,7
2694,176375,1,0,0
2695,166772,7,0,8
2696,165258,8,0,8
2697,165268,129,0,8
2698,165309,0,0,8
2699,165314,19,0,8
2700,165278,0,0,8
2701,165280,3,0,8
2702,167777,4,0,8
2703,166303,11,0,8
2704,166311,16,0,8
2705,166910,6,0,8
2706,166909,6,0,8
2707,166908,3,0,8
2708,165269,6,0,8
2709,165942,0,0,8
2710,165318,0,0,8
2711,165326,0,0,8
2712,166319,6,0,8
2713,164982,32,0,8
2714,164983,20,0,8
2715,166067,5,0,8
2716,166260,6,0,8
2717,167212,2,0,7
2718,166269,5,0,7
2719,166068,23,0,8
2720,166075,11,0,8
2721,166640,5,0,8
2722,166280,15,0,8
2723,166282,1,0,8
2724,166317,3,0,8
2725,166854,338,0,8
2726,166855,572,0,8
2727,166858,5,0,8
2728,166446,398,0,8
2729,166063,1,0,8
2730,165282,20,0,8
2731,167205,1,0,8
2732,167208,138,0,8
2733,167228,223,0,8
2734,167229,34,0,7
2735,165257,7,0,8
2736,159052,17,0,8
2737,166177,3,0,8
2738,158390,9,-1,-1
2739,158397,2,-1,-1
2740,167333,54,0,8
2741,165267,7,0,8
2742,165259,2,0,8
2743,165056,28,0,8
2744,159050,5,0,8
2745,159040,30,0,8
2746,159041,93,0,8
2747,165885,5,0,7
2748,166181,7,0,8
2749,166183,104,0,8
2750,166184,16,0,8
2751,166270,3,0,6
2752,165023,4,0,8
2753,165026,728,0,8
2754,165244,3,0,8
2755,166774,1,0,4
2756,164363,175,0,8
2757,166257,11,0,6
2758,164371,222,0,8
2759,164372,10,0,8
2760,167201,40,0,8
2761,167202,3,0,8
2762,166071,36,0,8
2763,165276,0,0,8
2764,166545,75,0,8
2765,167700,88,0,8
2766,167702,2,0,8
2767,165323,3,0,8
2768,166185,7,0,7
2769,166194,4,0,8
2770,166291,61,0,8
2771,174530,466,0,7
2772,162678,1,-1,-1
2773,172612,1,0,8
2774,168994,4,0,8
2775,171951,7,0,8
2776,176357,9,0,8
2777,169423,21,0,8
2778,174386,10,0,8
2779,172800,35,0,8
2780,172803,8,0,8
2781,175998,12,0,8
2782,159496,224,0,8
2783,159497,168,0,8
2784,159498,1,0,8
2785,175887,423,0,8
2786,170910,21,0,0
2787,176353,12,0,8
2788,176358,9,0,8
2789,163406,2,-1,-1
2790,174373,70,0,8
2791,174910,24,0,8
2792,174899,9,0,8
2793,174914,45,0,8
2794,174916,3,0,8
2795,172809,4,0,7
2796,176359,3,0,7
2797,175173,5,0,7
2798,172697,10,0,8
2799,163442,0,-1,-1
2800,171943,1,0,8
2801,171954,46,0,8
2802,170665,170,0,8
2803,176344,10,0,7
2804,175803,4,0,8
2805,174376,26,0,8
2806,174378,123,0,8
2807,174380,12,0,8
2808,173623,14,0,8
2809,173645,1,0,2
2810,173652,1,0,6
2811,173656,17,0,8
2812,173818,9,0,8
2813,173808,2,0,8
2814,173851,6,0,8
2815,175115,21,0,8
2816,171895,0,0,8
2817,169672,4,0,8
2818,175234,3,0,8
2819,176348,156,0,8
2820,176350,10,0,6
2821,168995,2,0,8
2822,173660,2,0,4
2823,176131,1,0,8
2824,168885,11,0,7
2825,175235,2,0,8
2826,175236,14,0,8
2827,175782,0,0,8
2828,174627,2,0,8
2829,159513,1,0,8
2830,174672,442,0,2
2831,176337,18,0,6
2832,176342,20,0,4
2833,176343,10,0,7
2834,176362,10,0,8
2835,159525,1,0,8
2836,159528,3,0,8
2837,159538,1,0,8
2838,172485,8,0,0
2839,172517,4,0,1
2840,163455,0,-1,-1
2841,163459,7,-1,-1
2842,163457,0,-1,-1
2843,175721,7,0,7
2844,176203,10,0,8
2845,175771,17,0,7
2846,174015,3,0,8
2847,168937,12,0,8
2848,168940,108,0,8
2849,168944,3,0,8
2850,168943,5,0,8
2851,172682,65,0,8
2852,174633,34,0,8
2853,175089,26,0,8
2854,175316,11,0,8
2855,175354,1,0,8
2856,166547,218,0,8
2857,173866,43,0,8
2858,175193,60,0,8
2859,175199,14,0,8
2860,175206,15,0,8
2861,175222,2,0,8
2862,175226,5,0,8
2863,158712,314,0,8
2864,159499,3,0,8
2865,159500,2,0,8
2866,159501,1,0,8
2867,174089,7,0,6
2868,174384,5,0,8
2869,174390,2,0,8
2870,174683,8,0,8
2871,175229,7,0,8
2872,175284,16,0,8
2873,175296,16,0,8
2874,175331,12,0,8
2875,193006,11,0,7
2876,176369,5,0,8
2877,176373,15,0,8
2878,174695,12,0,8
2879,174503,15,0,0
2880,175336,6,0,7
2881,175338,3,0,2
2882,175339,52,0,8
2883,172642,14,0,8
2884,171882,5,0,8
2885,172431,31,0,8
2886,171843,20,0,8
2887,171079,22,0,8
2888,169213,1,0,8
2889,174967,5,0,7
2890,175332,14,0,8
2891,175098,2,0,7
2892,171111,18,0,8
2893,169339,0,0,8
2894,169351,4,0,8
2895,171894,4,0,8
2896,172100,5,0,8
2897,172103,3,0,6
2898,172340,1,0,4
2899,171804,2,0,8
2900,175162,4,0,8
2901,173524,2656,0,8
2902,163446,0,-1,-1
2903,176148,1,0,8
2904,171818,85,0,8
2905,175276,3,0,8
2906,172643,50,0,8
2907,176280,29,0,8
2908,170919,8,0,6
2909,170920,8,0,6
2910,176330,42,0,7
2911,174936,2,0,8
2912,174350,7,0,7
2913,158425,4,-1,-1
2914,171968,63,0,8
2915,175637,9,0,8
2916,175778,9,0,0
2917,176267,348,0,8
2918,176290,7,0,8
2919,174635,2464,0,6
2920,170551,11,0,8
2921,176159,57,0,8
2922,176231,12,0,8
2923,176288,7,0,8
2924,172096,24,0,8
2925,171537,151,0,8
2926,161796,29,0,8
2927,185470,18,0,8
2928,174589,0,0,8
2929,172099,9,0,8
2930,172102,3,0,8
2931,179195,143,0,8
2932,175579,9,0,8
2933,169806,6,0,0
2934,189434,9,0,8
2935,177293,199,0,8
2936,177454,13,0,7
2937,172565,10,0,8
2938,173095,10,0,8
2939,172579,129,0,8
2940,172783,64,0,8
2941,172785,17,0,8
2942,172789,11,0,7
2943,172791,8,0,8
2944,172792,16,0,8
2945,172793,6,0,8
2946,169807,24,0,7
2947,163515,2,-1,-1
2948,163414,2,-1,-1
2949,175859,80,0,8
2950,172794,23,0,8
2951,177250,0,0,6
2952,177686,12,0,8
2953,177691,15,0,8
2954,183837,3329,0,8
2955,163408,0,-1,-1
2956,169954,12,0,8
2957,169283,8,0,6
2958,169805,2,0,6
2959,171004,5,0,8
2960,177361,335,0,8
2961,164626,7,0,8
2962,177129,36,0,8
2963,177147,320,0,8
2964,177105,67,0,8
2965,177360,336,0,8
2966,168008,1,0,4
2967,176174,196,0,8
2968,177126,9,0,8
2969,177535,7,0,8
2970,176126,0,0,8
2971,176377,13,0,8
2972,176105,21,0,8
2973,176110,10,0,8
2974,176111,8,0,8
2975,176112,14,0,8
2976,161804,523,0,8
2977,161808,23,0,8
2978,177674,14,0,8
2979,179261,4,0,8
2980,176127,2,0,5
2981,162980,1,0,8
2982,165304,3,0,8
2983,176109,4,0,8
2984,165324,19,0,8
2985,176115,14,0,8
2986,172683,72,0,8
2987,177306,16,0,8
2988,177324,5,0,8
2989,164568,136,0,8
2990,174893,38,0,8
2991,165308,17,0,8
2992,165311,7,0,8
2993,165313,1,0,8
2994,165547,4,0,8
2995,165686,4,0,8
2996,169320,4,0,8
2997,169321,5,0,8
2998,174894,112,0,7
2999,174907,129,0,8
3000,177323,2,0,8
3001,192575,6,0,8
3002,179191,30,0,8
3003,169808,0,0,6
3004,170322,1,0,8
3005,171976,0,0,8
3006,171978,3,0,8
3007,171983,5,0,8
3008,169682,50,0,8
3009,175789,4,0,6
3010,175796,4,0,6
3011,175813,5,0,6
3012,175818,5,0,6
3013,176334,18,0,6
3014,176335,18,0,6
3015,164841,7,0,7
3016,164845,5,0,8
3017,170339,1,0,8
3018,176155,2019,0,8
3019,159552,11,0,8
3020,159553,2,0,8
3021,159554,3,0,8
3022,176289,9,0,8
3023,176291,9,0,8
3024,174625,1,0,8
3025,175724,2,0,8
3026,175725,1,0,8
3027,170338,20,0,8
3028,176102,7,0,7
3029,176103,3,0,8
3030,168236,8,0,8
3031,168497,8,0,8
3032,174646,59,0,8
3033,174645,104,0,8
3034,176052,69,0,8
3035,171961,4,0,8
3036,172539,6,0,8
3037,168392,3,0,8
3038,158391,9,-1,-1
3039,159545,6,0,8
3040,175452,12,0,8
3041,175484,10,0,8
3042,168999,7,0,8
3043,175824,5,0,8
3044,175837,5,0,8
3045,175843,5,0,8
3046,175856,1,0,8
3047,175880,11,0,8
3048,173886,7,0,5
3049,173887,11,0,5
3050,173747,5,0,6
3051,171963,1,0,8
3052,171966,4,0,8
3053,161828,4,0,8
3054,172866,4,0,8
3055,160461,5,0,0
3056,172801,8,0,8
3057,175931,1,0,0
3058,165022,2,0,8
3059,165034,5,0,8
3060,165037,6,0,8
3061,175983,0,0,8
3062,174636,9,0,8
3063,176053,196,0,8
3064,176333,18,0,6
3065,171984,2,0,8
3066,171986,9,0,8
3067,159548,51,0,8
3068,159550,0,0,8
3069,175932,17,0,6
3070,175797,5,0,8
3071,175774,11,0,8
3072,175775,1,0,8
3073,170343,1,0,8
3074,176329,1,0,8
3075,176328,1,0,8
3076,193012,13,0,7
3077,174641,1,0,8
3078,176051,7,0,8
3079,176054,22,0,8
3080,176050,1,0,8
3081,166911,6,0,8
3082,159551,32,0,8
3083,170397,31,0,8
3084,170398,206,0,8
3085,176113,326,0,7
3086,176114,12,0,7
3087,172577,2,0,8
3088,172090,8,0,8
3089,172092,4,0,8
3090,172093,4,0,8
3091,176922,25,0,8
3092,176383,1,0,4
3093,165036,13,0,7
3094,177179,104,0,8
3095,177221,5,0,8
3096,192574,3,0,8
3097,161792,4,0,8
3098,172725,2,0,8
3099,169965,44,0,8
3100,169969,3,0,8
3101,177974,316,0,8
3102,169769,0,0,8
3103,171503,144,0,8
3104,158428,2,0,8
3105,169778,6,0,8
3106,169780,5,0,8
3107,170355,12,0,7
3108,170356,30,0,7
3109,177921,6,0,8
3110,179136,80,0,8
3111,169772,1,0,8
3112,169774,1,0,8
3113,169781,5,0,8
3114,170071,2,0,6
3115,170073,2,0,6
3116,170075,2,0,6
3117,173993,5,0,8
3118,170058,11,0,0
3119,170060,56,0,8
3120,170063,7,0,4
3121,172653,1,0,8
3122,172661,7,0,8
3123,171435,83,0,8
3124,178107,38,0,8
3125,170466,26,0,8
3126,170059,7,0,5
3127,170046,7,0,8
3128,170257,1,0,8
3129,170270,4,0,7
3130,170283,4,0,6
3131,169279,2,0,0
3132,169281,2,0,6
3133,168105,10,0,8
3134,170319,86,0,7
3135,170594,19,0,8
3136,171348,27,0,8
3137,173136,6,0,8
3138,171031,1945,0,8
3139,177056,137,0,8
3140,177540,4,0,7
3141,177231,2,0,8
3142,177252,2,0,8
3143,171356,309,0,8
3144,171284,297,0,8
3145,171842,22,0,8
3146,169726,4,0,8
3147,169847,142,0,8
3148,177529,4,0,7
3149,178017,36,0,8
3150,173722,14,0,8
3151,177165,375,0,8
3152,177299,7,0,8
3153,177322,218,0,8
3154,172001,6,0,8
3155,169791,2,0,8
3156,169792,1,0,8
3157,192540,4,0,8
3158,169258,0,0,8
3159,169260,9,0,7
3160,171409,1201,0,8
3161,175539,20,0,8
3162,177276,2,0,8
3163,171227,278,0,8
3164,176697,16,0,8
3165,176717,6,0,8
3166,177321,12,0,8
3167,176986,1,0,8
3168,176987,2,0,8
3169,174678,940,0,8
3170,176966,264,0,8
3171,176969,143,0,8
3172,176970,242,0,8
3173,177920,69,0,8
3174,175667,26,0,7
3175,178002,9,0,1
3176,176999,7,0,8
3177,177132,162,0,8
3178,157707,1,0,7
3179,157710,11,0,8
3180,163345,57,0,8
3181,163346,76,0,8
3182,158573,4,0,8
3183,169427,75,0,8
3184,172619,3,0,8
3185,174445,15,0,8
3186,171094,556,0,8
3187,171097,547,0,8
3188,169957,6,0,8
3189,173997,33,0,8
3190,173934,1,0,8
3191,175655,7,0,7
3192,175654,57,0,2
3193,172620,1,0,8
3194,173945,7,0,8
3195,174012,5,0,8
3196,173627,8,0,0
3197,171088,7,0,8
3198,171089,73,0,8
3199,171096,319,0,8
3200,171099,227,0,8
3201,174257,5,0,6
3202,174260,7,0,8
3203,174289,8,0,0
3204,174332,0,0,0
3205,174334,0,0,0
3206,173915,103,0,8
3207,173921,5,0,8
3208,173925,5,0,8
3209,173930,2,0,8
3210,173933,4,0,8
3211,173980,60,0,8
3212,172624,15,0,7
3213,173963,1,0,8
3214,174027,3,0,8
3215,174534,8,0,8
3216,171090,471,0,8
3217,171091,29,0,8
3218,169219,25,0,8
3219,174059,5,0,8
3220,175324,3,0,8
3221,174014,0,0,8
3222,174293,3,0,0
3223,174425,2,0,8
3224,171084,891,0,7
3225,171085,681,0,8
3226,173893,2,0,8
3227,173894,56,0,8
3228,175079,905,0,8
3229,174254,5,0,8
3230,174251,21,0,0
3231,174256,5,0,6
3232,174307,6,0,0
3233,174310,5,0,5
3234,170491,8,0,8
3235,171479,0,0,8
3236,172094,2,0,0
3237,171067,1741,0,8
3238,171068,917,0,8
3239,174246,0,0,0
3240,174345,7,0,6
3241,174597,2,0,7
3242,174596,479,0,8
3243,170561,7,0,8
3244,173746,24,0,7
3245,171078,1904,0,8
3246,174181,249,0,8
3247,173892,3,0,8
3248,174248,4,0,0
3249,174250,13,0,0
3250,174339,1,0,6
3251,175232,3,0,7
3252,174707,1,0,8
3253,174708,8,0,7
3254,174304,3,0,7
3255,174598,9,0,8
3256,174567,11,0,8
3257,175084,7,0,7
3258,169779,15,0,8
3259,174243,3,0,0
3260,174245,5,0,0
3261,174247,5,0,0
3262,175281,4,0,8
3263,174340,6,0,5
3264,174343,7,0,6
3265,174578,561,0,7
3266,174580,250,0,8
3267,174218,2,0,6
3268,169441,4,0,8
3269,174227,7,0,6
3270,174229,6,0,0
3271,174232,10,0,0
3272,174238,2,0,0
3273,175301,20,0,7
3274,174335,3,0,8
3275,174336,10,0,0
3276,174337,8,0,0
3277,171112,20,0,8
3278,174001,95,0,3
3279,174223,7,0,7
3280,174225,3,0,8
3281,174231,7,0,3
3282,174233,0,0,0
3283,174314,14,0,0
3284,174241,14,0,0
3285,174320,11,0,7
3286,174325,141,0,5
3287,175080,460,0,8
3288,175132,24,0,8
3289,175645,76,0,8
3290,167356,26,0,5
3291,171478,2,0,8
3292,174217,4,0,0
3293,174224,11,0,8
3294,174242,5,0,0
3295,174282,7,0,6
3296,174313,3,0,7
3297,174315,6,0,0
3298,174317,5,0,5
3299,175227,31,0,7
3300,174331,0,0,0
3301,172659,3,0,8
3302,172410,14,0,8
3303,174570,14,0,8
3304,174576,3,0,5
3305,171104,39,0,7
3306,171109,1037,0,8
3307,171110,20,0,8
3308,160982,669,0,8
3309,169784,1,0,8
3310,174501,5,0,8
3311,157702,3,0,7
3312,156767,9,0,6
3313,162843,4,0,8
3314,157705,2,0,0
3315,156777,0,0,8
3316,156779,3,0,8
3317,157709,1,0,7
3318,162845,3,0,8
3319,163122,80,0,8
3320,163123,9,0,8
3321,164216,12,0,8
3322,173663,2,0,6
3323,174220,3,0,8
3324,159325,11,0,7
3325,157712,6,0,4
3326,164236,69,0,8
3327,163106,6,0,5
3328,157713,7,0,8
3329,156739,7,0,8
3330,156742,4,0,8
3331,156743,4,0,8
3332,157706,2,0,0
3333,162760,7,0,8
3334,173914,3,0,0
3335,173929,100,0,8
3336,172085,2,0,8
3337,179147,5,0,8
3338,179149,8,0,8
3339,184207,18,0,8
3340,169759,36,0,7
3341,169787,394,0,7
3342,169789,9,0,8
3343,183830,5,0,8
3344,181007,65,0,8
3345,176068,3,0,8
3346,176069,33,0,8
3347,173743,42,0,8
3348,180335,1,0,8
3349,180383,27,0,8
3350,180390,8,0,8
3351,180994,1904,0,8
3352,182161,18,0,8
3353,176071,1,0,8
3354,176066,1,0,8
3355,176072,0,0,8
3356,176073,1,0,8
3357,180391,21,0,8
3358,182508,0,0,8
3359,182176,2,0,8
3360,182535,3,0,8
3361,183465,5,0,8
3362,184360,269,0,8
3363,179198,5,0,8
3364,176861,44,0,1
3365,183613,607,0,7
3366,172123,4,0,8
3367,180344,4,0,8
3368,180954,223,0,8
3369,179202,3,0,5
3370,179205,10,0,8
3371,184184,28,0,8
3372,184186,3,0,8
3373,181207,204,0,8
3374,181209,428,0,8
3375,181206,8,0,8
3376,180969,259,0,8
3377,183823,21,0,8
3378,184355,18,0,8
3379,183732,4,0,8
3380,183733,22,0,8
3381,182839,720,0,8
3382,183634,13,0,7
3383,182159,4,0,8
3384,176080,2,0,8
3385,176075,4,0,8
3386,176090,2,0,8
3387,176091,4,0,8
3388,181215,178,0,8
3389,180394,4,0,8
3390,184220,264,0,8
3391,183462,4,0,0
3392,183464,88,0,8
3393,183468,15,0,8
3394,176081,2,0,8
3395,176078,1,0,8
3396,176082,6,0,8
3397,176083,10,0,8
3398,172128,11,0,8
3399,169794,19,0,8
3400,169798,16,0,8
3401,180377,5,0,8
3402,181247,6,0,8
3403,184222,16,0,8
3404,184223,31,0,8
3405,184224,4,0,8
3406,184225,3,0,8
3407,183802,93,0,8
3408,176866,299,0,8
3409,180392,3,0,8
3410,176062,1,0,8
3411,176058,21,0,8
3412,179210,3,0,8
3413,179217,5,0,8
3414,181212,226,0,8
3415,181214,165,0,8
3416,181216,710,0,8
3417,178932,7,0,7
3418,180395,0,0,8
3419,180401,0,0,8
3420,180356,7,0,8
3421,180399,8,0,8
3422,176067,4,0,8
3423,172113,2,0,8
3424,172115,6,0,8
3425,172116,16,0,8
3426,176827,41,0,8
3427,184208,66,0,8
3428,184209,3,0,8
3429,184210,5,0,8
3430,165335,8,0,0
3431,165341,3,0,8
3432,179178,5,0,8
3433,176828,2506,0,6
3434,184379,0,0,8
3435,176088,3,0,8
3436,176048,6,0,8
3437,176061,6,0,8
3438,176064,4,0,8
3439,180996,5,0,8
3440,176860,1831,0,8
3441,185304,72,0,8
3442,182554,10,0,8
3443,184198,458,0,8
3444,184199,513,0,8
3445,184201,212,0,8
3446,184204,117,0,8
3447,184226,2,0,8
3448,184227,2,0,8
3449,183493,2,0,3
3450,172075,8,0,8
3451,172076,1,0,8
3452,172077,10,0,8
3453,184855,55,0,8
3454,172118,4,0,8
3455,184212,2,0,8
3456,172079,4,0,8
3457,184385,2,0,0
3458,184389,0,0,8
3459,184728,12,0,8
3460,163415,12,0,0
3461,172119,10,0,8
3462,172126,5,0,8
3463,176060,4,0,8
3464,184214,15,0,8
3465,184215,38,0,8
3466,184219,1,0,8
3467,181003,8,0,8
3468,181006,4,0,8
3469,181012,4,0,8
3470,176084,3,0,8
3471,176085,3,0,8
3472,184196,127,0,8
3473,181020,3,0,8
3474,181023,1,0,8
3475,181025,3,0,8
3476,176086,2,0,8
3477,169744,126,0,8
3478,180997,794,0,8
3479,180959,1027,0,8
3480,180967,160,0,8
3481,185534,232,0,8
3482,185555,0,0,0
3483,181810,81,0,8
3484,185382,33,0,8
3485,181145,139,0,8
3486,179255,226,0,8
3487,185489,76,0,8
3488,185352,1,0,7
3489,184659,8,0,7
3490,183790,3,0,8
3491,183791,7,0,8
3492,185501,270,0,8
3493,177975,105,0,8
3494,168013,0,0,8
3495,181570,13,0,8
3496,181574,5,0,8
3497,181575,0,0,8
3498,181577,11,0,8
3499,181589,6,0,8
3500,183781,3,0,8
3501,181210,231,0,8
3502,168010,5,0,0
3503,168014,47,0,7
3504,179008,408,0,8
3505,183080,4,0,8
3506,183078,194,0,8
3507,183079,478,0,8
3508,182807,3,0,0
3509,182810,5,0,4
3510,184947,19,0,8
3511,179387,10,0,0
3512,183662,88,0,8
3513,182813,8,0,1
3514,182815,1,0,1
3515,184652,7,0,8
3516,185030,107,0,8
3517,185014,389,0,8
3518,185017,346,0,8
3519,183037,2,0,5
3520,183724,410,0,8
3521,182882,6,0,8
3522,182885,10,0,7
3523,178890,324,0,8
3524,178892,54,0,8
3525,171980,3,0,8
3526,174608,25,0,7
3527,185041,140,0,8
3528,183772,5,0,8
3529,185558,0,0,0
3530,179800,214,0,8
3531,185088,57,0,8
3532,197852,10,0,8
3533,185045,33,0,8
3534,185178,17,0,8
3535,182427,523,0,8
3536,179550,3,0,7
3537,184754,3,0,6
3538,184758,3,0,8
3539,183775,3,0,8
3540,186567,38,0,8
3541,185504,58,0,7
3542,185505,240,0,7
3543,177247,0,0,8
3544,185180,17,0,8
3545,185211,116,0,8
3546,173564,16,0,7
3547,176065,4,0,8
3548,185353,7,0,0
3549,185354,2,0,8
3550,183782,6,0,8
3551,183783,9,0,8
3552,183784,12,0,8
3553,183787,68,0,8
3554,183789,24,0,8
3555,181005,418,0,8
3556,178038,16,0,8
3557,178885,140,0,8
3558,184943,78,0,8
3559,183312,8,0,8
3560,183329,12,0,8
3561,183331,32,0,8
3562,185499,1412,0,6
3563,185472,0,0,8
3564,178887,156,0,8
3565,184657,0,0,8
3566,184667,0,0,8
3567,181673,7,0,7
3568,181676,7,0,7
3569,181662,1,0,6
3570,181666,3,0,0
3571,179372,3,0,8
3572,185496,270,0,8
3573,168987,3,0,8
3574,176619,1,0,4
3575,185351,1,0,0
3576,176079,4,0,8
3577,184730,3,0,4
3578,182225,926,0,7
3579,182269,256,0,8
3580,182266,80,0,8
3581,181461,74,0,8
3582,181571,4,0,8
3583,180085,3,0,8
3584,179837,4,0,8
3585,170543,0,0,4
3586,179813,1,0,8
3587,176087,2,0,8
3588,183792,8,0,8
3589,183793,7,0,8
3590,178340,2329,0,8
3591,182203,140,0,8
3592,178341,1164,0,8
3593,178342,807,0,8
3594,178344,44,0,8
3595,179780,20,0,8
3596,178303,426,0,8
3597,182342,11,0,8
3598,182345,643,0,8
3599,182241,87,0,8
3600,182319,4,0,8
3601,182333,9,0,8
3602,180182,600,0,8
3603,180185,1040,0,8
3604,179817,22,0,8
3605,179825,5,0,8
3606,182340,285,0,8
3607,178301,11,0,8
3608,178302,701,0,8
3609,177072,839,0,8
3610,179520,35,0,8
3611,179521,5,0,8
3612,180204,2135,0,8
3613,180194,284,0,8
3614,177075,2,0,8
3615,179529,28,0,8
3616,179976,117,0,8
3617,178339,966,0,8
3618,178343,568,0,8
3619,178428,14,0,8
3620,176855,18,0,0
3621,178353,227,0,8
3622,179414,559,0,7
3623,181325,155,0,8
3624,179519,18,0,8
3625,178345,965,0,8
3626,180956,316,0,8
3627,180964,228,0,8
3628,172071,6,0,8
3629,176503,211,0,8
3630,183034,279,0,8
3631,176059,3,0,8
3632,177967,1954,0,8
3633,172067,36,0,8
3634,172069,113,0,8
3635,172130,8,0,8
3636,180742,1636,0,8
3637,182312,229,0,8
3638,182337,104,0,7
3639,179407,31,0,8
3640,179411,197,0,8
3641,179776,5,0,0
3642,179779,58,0,7
3643,172072,3,0,8
3644,172081,4,0,8
3645,165863,10,0,5
3646,180184,600,0,8
3647,184195,242,0,8
3648,179801,1,0,8
3649,177131,1473,0,8
3650,182316,106,0,8
3651,182318,198,0,8
3652,184767,17,0,8
3653,179775,20,0,8
3654,181445,9,0,8
3655,168338,4,0,8
3656,168339,9,0,8
3657,180181,159,0,8
3658,183041,541,0,8
3659,183337,10,0,8
3660,196407,3,0,8
3661,172066,3,0,8
3662,180180,99,0,7
3663,176063,0,0,8
3664,169960,6,0,8
3665,170483,5,0,8
3666,169563,2,0,8
3667,173218,6,0,7
3668,171685,4,0,8
3669,171955,0,0,8
3670,169725,181,0,8
3671,169729,10,0,8
3672,172018,78,0,8
3673,172019,7,0,8
3674,172021,7,0,8
3675,172026,3,0,8
3676,165817,1836,0,7
3677,165823,254,0,8
3678,166060,12,0,8
3679,170030,0,0,3
3680,168324,1,0,8
3681,168325,2,0,6
3682,158986,5,0,8
3683,167668,14,0,8
3684,167669,4,0,8
3685,169721,31,0,8
3686,171991,509,0,8
3687,172014,5,0,8
3688,169743,1,0,8
3689,176798,8,0,6
3690,183235,6,0,8
3691,170034,136,0,8
3692,170036,3,0,6
3693,170037,4,0,7
3694,169724,0,0,8
3695,169187,29,0,0
3696,165556,10,0,8
3697,165562,3,0,8
3698,165565,17,0,8
3699,165604,48,0,8
3700,183657,60,0,8
3701,162639,8,0,8
3702,165610,44,0,8
3703,170507,23,0,8
3704,162640,11,0,7
3705,162642,11,0,8
3706,170176,27,0,8
3707,170196,3,0,8
3708,172064,55,0,8
3709,172070,4,0,8
3710,172073,2,0,8
3711,169564,9,0,8
3712,169565,15,0,8
3713,169566,2,0,8
3714,170479,46,0,8
3715,162645,22,0,7
3716,170494,4,0,8
3717,170495,952,0,8
3718,171240,16,0,8
3719,171241,5,0,7
3720,172074,11,0,8
3721,173083,11,0,1
3722,166593,8,0,3
3723,169567,9,0,8
3724,169568,5,0,8
3725,169569,6,0,8
3726,169570,9,0,8
3727,169572,3,0,6
3728,170486,797,0,8
3729,170488,124,0,8
3730,166597,3,0,6
3731,170490,124,0,8
3732,170492,405,0,8
3733,169589,9,0,8
3734,169590,512,0,8
3735,169591,232,0,8
3736,169592,496,0,8
3737,169606,8,0,7
3738,170521,779,0,8
3739,169753,171,0,8
3740,179408,5,0,0
3741,171657,666,0,8
3742,169573,4,0,7
3743,169574,719,0,7
3744,173089,17,0,8
3745,166622,5,0,6
3746,166599,114,0,8
3747,169575,2,0,8
3748,169576,0,0,6
3749,169578,2,0,8
3750,169581,7,0,7
3751,169612,252,0,8
3752,169613,33,0,7
3753,163400,0,-1,-1
3754,169765,305,0,8
3755,158975,2,0,8
3756,158978,2,0,5
3757,173094,10,0,8
3758,173132,53,0,8
3759,173133,10,0,8
3760,169582,259,0,8
3761,169586,7,0,8
3762,169587,49,0,8
3763,159098,0,-1,-1
3764,171040,27,0,8
3765,171074,58,0,8
3766,158984,0,0,8
3767,169745,3,0,8
3768,168321,8,0,7
3769,168323,8,0,7
3770,170184,3,0,6
3771,170874,10,0,2
3772,158980,0,0,7
3773,158982,1,0,4
3774,159413,0,-1,-1
3775,171060,5,0,8
3776,158987,4,0,7
3777,158988,1,0,8
3778,170195,1,0,8
3779,166773,10,0,5
3780,171837,13,0,8
3781,172017,2,0,8
3782,169746,134,0,8
3783,169750,198,0,8
3784,165641,249,0,8
3785,165645,44,0,8
3786,183455,301,0,8
3787,169748,2,0,8
3788,169755,117,0,8
3789,169757,273,0,8
3790,172726,1,0,8
3791,171649,752,0,8
3792,171671,4185,0,8
3793,169962,15,0,8
3794,169976,2,0,8
3795,173029,5,0,7
3796,172578,11,0,8
3797,172580,11,0,8
3798,172583,8,0,8
3799,182209,4,0,8
3800,182322,1081,0,8
3801,172711,10,0,8
3802,172712,21,0,8
3803,172717,9,0,8
3804,170542,181,0,8
3805,170076,3,0,0
3806,173075,5,0,4
3807,162638,3,0,8
3808,162985,17,0,8
3809,162991,11,0,8
3810,162992,2,0,8
3811,162997,7,0,8
3812,162998,5,0,8
3813,172723,5,0,8
3814,170573,9,0,8
3815,170574,35,0,8
3816,169777,5,0,8
3817,169958,4,0,8
3818,169970,21,0,8
3819,169973,1,0,8
3820,169775,3,0,8
3821,169776,5,0,8
3822,170174,3,0,6
3823,170391,3,0,5
3824,170049,6,0,8
3825,170577,80,0,8
3826,158389,5,-1,-1
3827,169786,2,0,8
3828,169788,74,0,8
3829,169959,3,0,8
3830,172575,0,0,8
3831,172559,17,0,5
3832,169988,17,0,8
3833,170464,120,0,8
3834,170395,713,0,8
3835,170975,48,0,8
3836,182231,198,0,8
3837,182246,162,0,8
3838,170396,713,0,8
3839,170041,15,0,7
3840,172713,234,0,8
3841,172724,8,0,8
3842,170305,6,0,7
3843,170314,9,0,8
3844,170329,9,0,4
3845,162858,5,0,8
3846,163464,25,0,8
3847,172595,8,0,8
3848,172601,3,0,8
3849,182321,378,0,7
3850,170042,3,0,6
3851,170044,9,0,7
3852,172727,17,0,8
3853,170177,27,0,8
3854,170178,27,0,8
3855,164213,3,0,7
3856,183411,80,0,8
3857,183427,15,0,8
3858,183450,6,0,7
3859,184180,4,0,7
3860,185153,1,0,8
3861,185155,13,0,7
3862,186459,21,0,8
3863,174016,0,0,8
3864,183905,34,0,0
3865,190587,2,0,8
3866,189545,3,0,8
3867,190187,120,0,8
3868,190188,19,0,8
3869,190189,257,0,8
3870,190192,177,0,8
3871,182801,4,0,8
3872,190239,91,0,8
3873,190241,166,0,8
3874,190244,83,0,8
3875,190247,197,0,8
3876,189558,5,0,8
3877,189576,20,0,0
3878,189580,234,0,8
3879,190194,6,0,8
3880,190196,1553,0,8
3881,190197,179,0,8
3882,181424,21,0,8
3883,181425,74,0,8
3884,182804,27,0,8
3885,182805,0,0,8
3886,182806,25,0,8
3887,190052,3,0,8
3888,190604,276,0,8
3889,190590,68,0,7
3890,190591,28,0,3
3891,189871,308,0,8
3892,190195,31,0,8
3893,189497,7,0,1
3894,182774,4,0,8
3895,182778,38,0,8
3896,184606,86,0,8
3897,184607,17,0,8
3898,184608,13,0,8
3899,184611,466,0,8
3900,181426,55,0,8
3901,176510,5,0,0
3902,190592,6,0,8
3903,190593,19,0,8
3904,187738,224,0,8
3905,187739,9,0,8
3906,189531,219,0,8
3907,189520,60,0,8
3908,189522,10,0,8
3909,190184,383,0,8
3910,184612,4,0,8
3911,187622,11,0,8
3912,182777,1,0,8
3913,191324,24,0,7
3914,172098,1175,0,8
3915,191356,7,0,4
3916,190193,409,0,8
3917,190190,217,0,8
3918,189866,99,0,8
3919,189942,801,0,7
3920,191171,11,0,8
3921,189776,579,0,8
3922,189778,144,0,8
3923,189779,1020,0,8
3924,190069,0,0,8
3925,172101,75,0,8
3926,190313,50,0,7
3927,190307,4,0,0
3928,190199,57,0,8
3929,190204,69,0,8
3930,190208,58,0,8
3931,166851,0,0,8
3932,189947,424,0,5
3933,189922,112,0,6
3934,190617,0,0,0
3935,189780,1781,0,8
3936,189784,487,0,8
3937,191070,1,0,0
3938,190243,413,0,7
3939,191227,3,0,8
3940,189955,1146,0,1
3941,189957,96,0,8
3942,189960,31,0,7
3943,190470,2,0,2
3944,191498,99,0,8
3945,188992,918,0,8
3946,187292,26,0,8
3947,190594,7,0,8
3948,190675,0,0,6
3949,190249,60,0,8
3950,178500,28,0,8
3951,178032,25,0,8
3952,191346,38,0,7
3953,188993,593,0,8
3954,190595,8,0,7
3955,190596,4,0,8
3956,190597,24,0,8
3957,190598,350,0,8
3958,190599,4,0,7
3959,190605,169,0,8
3960,190606,6,0,8
3961,191501,49,0,8
3962,191491,569,0,8
3963,191453,406,0,8
3964,176573,57,0,8
3965,189047,8,0,8
3966,189071,6,0,8
3967,189080,2,0,8
3968,183457,31,0,8
3969,184322,36,0,8
3970,184323,25,0,8
3971,184327,18,0,8
3972,183893,7,0,0
3973,184182,9,0,5
3974,184183,5,0,0
3975,183546,14,0,8
3976,185886,77,0,8
3977,179815,2,0,8
3978,184633,42,0,8
3979,184174,0,0,6
3980,173741,1,0,5
3981,184177,7,0,7
3982,184179,6,0,0
3983,165010,10,0,8
3984,183522,7,0,8
3985,183907,9,0,7
3986,186189,2,0,8
3987,189043,3,0,8
3988,175718,0,0,0
3989,181756,23,0,8
3990,168991,6,0,8
3991,195474,0,0,0
3992,183472,10,0,8
3993,184635,78,0,8
3994,180953,705,0,8
3995,184853,13,0,8
3996,184185,4,0,6
3997,184187,3,0,0
3998,186190,7,0,8
3999,190600,222,0,8
4000,190601,1500,0,8
4001,190603,176,0,8
4002,181957,2,0,8
4003,187525,6,0,8
4004,191167,68,0,8
4005,190727,3501,0,8
4006,190954,513,0,8
4007,177533,37,0,8
4008,188487,2,0,8
4009,188515,1,0,8
4010,188490,2,0,8
4011,188505,3,0,8
4012,188433,3,0,7
4013,190935,82,0,8
4014,176455,13,0,8
4015,169217,1,0,8
4016,169625,23,0,8
4017,193432,303,0,8
4018,185121,2,0,6
4019,185115,25,0,7
4020,176457,9,0,6
4021,176458,14,0,8
4022,176486,0,0,8
4023,193340,9,0,8
4024,173308,9,0,8
4025,193434,68,0,8
4026,193414,411,0,8
4027,187089,9,0,8
4028,180878,0,0,7
4029,188431,39,0,8
4030,193190,31,0,8
4031,176454,38,0,7
4032,173210,3,0,8
4033,193347,2,0,8
4034,192261,445,0,8
4035,170974,2,0,8
4036,189104,174,0,8
4037,188347,282,0,8
4038,172023,7,0,8
4039,172942,4,0,8
4040,193286,21,0,8
4041,168854,0,0,8
4042,173316,6,0,8
4043,170153,3,0,8
4044,170967,159,0,8
4045,189851,6,0,8
4046,171772,17,0,8
4047,171792,9,0,8
4048,172941,12,0,8
4049,169214,5,0,8
4050,168841,66,0,8
4051,168839,322,0,8
4052,192563,3,0,8
4053,192681,8,0,0
4054,192683,11,0,0
4055,176479,5,0,0
4056,192760,63,0,6
4057,192761,1,0,8
4058,193367,68,0,8
4059,192263,19,0,8
4060,171024,214,0,8
4061,192696,16,0,8
4062,191614,1,0,0
4063,228569,4,0,0
4064,194661,110,0,8
4065,194917,926,0,7
4066,195045,419,0,7
4067,193370,646,0,7
4068,195137,182,0,8
4069,194428,9,0,8
4070,171730,9,0,8
4071,170966,4,0,8
4072,176495,12,0,0
4073,176496,3,0,7
4074,228521,4,0,8
4075,189284,5,0,8
4076,189075,4,0,8
4077,194427,62,0,8
4078,174360,5,0,8
4079,175333,120,0,8
4080,174362,222,0,8
4081,171719,21,0,8
4082,172949,451,0,8
4083,192659,3,0,0
4084,192666,3,0,8
4085,192669,3,0,8
4086,176497,5,0,8
4087,192843,9,0,8
4088,189926,0,0,4
4089,191493,0,0,8
4090,185776,3,0,8
4091,187500,21,0,8
4092,192535,69,0,8
4093,192844,17,0,8
4094,193360,451,0,8
4095,192750,56,0,8
4096,187727,1320,0,8
4097,192621,8,0,0
4098,175259,305,0,8
4099,176459,12,0,7
4100,176460,1,0,7
4101,176461,7,0,8
4102,185127,795,0,8
4103,188971,301,0,8
4104,188972,33,0,8
4105,188973,43,0,8
4106,184921,6,0,0
4107,185651,25,0,8
4108,185655,3,0,8
4109,185767,1,0,8
4110,185775,0,0,8
4111,191372,37,0,8
4112,190308,6,0,6
4113,189738,2503,0,8
4114,189742,2928,0,8
4115,189757,3486,0,8
4116,188861,34,0,8
4117,189339,500,0,8
4118,184927,4,0,8
4119,188494,2,0,8
4120,188333,2,0,8
4121,187200,1,0,8
4122,188789,12,0,8
4123,191468,1,0,0
4124,188981,4,0,7
4125,189762,2242,0,8
4126,189272,38,0,7
4127,190306,0,0,0
4128,188960,46,0,8
4129,188951,55,0,8
4130,188963,9,0,8
4131,184928,5,0,7
4132,190960,476,0,8
4133,186747,1407,0,8
4134,188987,4,0,7
4135,188979,95,0,8
4136,188935,160,0,8
4137,190310,306,0,7
4138,190311,50,0,7
4139,188964,21,0,8
4140,188765,3,0,8
4141,188988,15,0,7
4142,189044,6,0,6
4143,190939,322,0,8
4144,188976,121,0,8
4145,184923,7,0,4
4146,189954,184,0,8
4147,189045,20,0,8
4148,189061,7,0,8
4149,189274,597,0,8
4150,190293,8,0,0
4151,189765,2366,0,8
4152,184926,15,0,8
4153,184925,5,0,8
4154,187152,46,0,8
4155,190944,37,0,8
4156,190945,165,0,8
4157,190949,78,0,8
4158,188425,19,0,8
4159,188485,7,0,8
4160,191215,11,0,8
4161,188984,4,0,7
4162,188986,3,0,6
4163,187436,35,0,8
4164,187945,25,0,8
4165,192600,10,0,8
4166,181054,0,0,2
4167,194072,49,0,8
4168,194268,66,0,8
4169,193362,17,0,8
4170,193354,6,0,8
4171,193358,3,0,8
4172,193869,3,0,8
4173,193812,612,0,8
4174,193907,9,0,8
4175,191622,33,0,5
4176,191149,12,0,7
4177,193871,7,0,8
4178,193872,1,0,8
4179,193908,373,0,8
4180,194916,131,0,8
4181,193906,4,0,7
4182,191417,3,0,8
4183,191427,2,0,8
4184,195522,141,0,5
4185,191162,2,0,8
4186,171763,1,0,8
4187,193433,31,0,8
4188,193504,60,0,8
4189,180902,9,0,5
4190,194702,17,0,8
4191,194050,10,0,8
4192,194656,12,0,8
4193,195002,3,0,8
4194,193344,14,0,8
4195,193298,915,0,8
4196,193666,31,0,8
4197,180898,38,0,8
4198,193903,140,0,8
4199,193904,28,0,8
4200,193905,42,0,8
4201,194277,92,0,8
4202,191829,4,0,8
4203,192026,99,0,0
4204,192122,2,0,7
4205,192373,213,0,8
4206,193669,4,0,8
4207,193900,16,0,8
4208,194805,34,0,8
4209,194431,29,0,8
4210,188529,0,0,0
4211,191567,5,0,8
4212,192117,692,0,8
4213,180869,1,0,7
4214,193670,5,0,8
4215,193672,1,0,8
4216,193673,5,0,8
4217,195674,7,0,8
4218,180896,9,0,5
4219,166407,124,0,8
4220,194696,8,0,0
4221,194700,1,0,2
4222,194701,1,0,6
4223,195034,17,0,8
4224,192235,51,0,8
4225,192601,5,0,8
4226,193348,54,0,8
4227,193377,36,0,8
4228,182248,4,0,8
4229,182255,0,0,8
4230,193959,38,0,8
4231,193914,3,0,8
4232,190806,23,0,8
4233,192619,19,0,8
4234,192620,279,0,8
4235,159200,1,0,0
4236,193284,249,0,8
4237,193285,156,0,8
4238,159205,44,0,8
4239,182258,5,0,8
4240,186973,184,0,8
4241,191391,10,0,8
4242,194051,174,0,8
4243,194052,522,0,8
4244,176444,6,0,8
4245,192408,31,0,8
4246,194071,673,0,2
4247,191411,12,0,8
4248,191415,8,0,8
4249,191367,0,0,8
4250,191921,396,0,8
4251,188448,6,0,8
4252,173424,1464,0,6
4253,193437,1104,0,8
4254,177669,422,0,7
4255,191394,30,0,8
4256,187466,285,0,8
4257,180119,9,0,0
4258,173867,8,0,4
4259,182127,3,0,0
4260,192942,39,0,8
4261,171687,6,0,8
4262,170968,24,0,8
4263,193435,930,0,7
4264,191104,84,0,8
4265,176151,6,0,7
4266,192012,36,0,3
4267,192783,11,0,8
4268,192786,187,0,8
4269,192788,1448,0,8
4270,192799,109,0,8
4271,193436,35,0,8
4272,191107,128,0,8
4273,188447,5,0,8
4274,176152,18,0,8
4275,193125,2,0,8
4276,192800,63,0,8
4277,192803,77,0,8
4278,191650,29,0,7
4279,189548,262,0,8
4280,189581,13,0,8
4281,187387,1,0,0
4282,187388,1,0,0
4283,192591,10,0,8
4284,192590,10,0,8
4285,192592,14,0,8
4286,182842,4,0,8
4287,181611,331,0,8
4288,167935,4,0,0
4289,171230,339,0,4
4290,184642,446,0,8
4291,178794,310,0,8
4292,186132,25,0,6
4293,184727,4,0,8
4294,184861,10,0,8
4295,186662,237,0,8
4296,186422,2,0,0
4297,186423,8,0,0
4298,184271,104,0,8
4299,184273,29,0,8
4300,186532,4,0,8
4301,178861,5,0,8
4302,187124,94,0,8
4303,186425,5,0,0
4304,186428,14,0,0
4305,185876,12,0,8
4306,186538,20,0,8
4307,186540,4,0,8
4308,178853,23,0,8
4309,178855,3,0,8
4310,186746,157,0,8
4311,186752,401,0,7
4312,183885,5,0,0
4313,168965,14,0,7
4314,185931,29,0,8
4315,175242,14,0,0
4316,186530,3,0,8
4317,178929,3,0,8
4318,188746,16,0,8
4319,168969,6,0,4
4320,181790,103,0,5
4321,181755,23,0,8
4322,185106,20,0,8
4323,185998,4,0,0
4324,186471,48,0,8
4325,178852,14,0,8
4326,178856,10,0,8
4327,183879,11,0,6
4328,181999,2,0,8
4329,184307,21,0,8
4330,184321,28,0,8
4331,184357,18,0,8
4332,184359,19,0,8
4333,184363,24,0,8
4334,185107,38,0,8
4335,185109,5,0,8
4336,185112,12,0,7
4337,186451,235,0,8
4338,186485,18,0,8
4339,186753,94,0,8
4340,179605,9,0,8
4341,179609,0,0,8
4342,168945,1,0,7
4343,184617,28,0,8
4344,184625,103,0,8
4345,184626,19,0,8
4346,186556,79,0,8
4347,186558,41,0,8
4348,186559,12,0,8
4349,186561,2,0,8
4350,186769,0,0,8
4351,176682,5,0,5
4352,186840,12,0,8
4353,184365,13,0,8
4354,184109,7,0,5
4355,186426,35,0,8
4356,186446,45,0,8
4357,186460,16,0,8
4358,186462,23,0,8
4359,186490,558,0,8
4360,185566,411,0,8
4361,183868,14,0,6
4362,181403,5,0,8
4363,188632,29,0,8
4364,168960,1,0,8
4365,184629,36,0,8
4366,184630,53,0,8
4367,184639,30,0,8
4368,186843,3,0,8
4369,178923,3,0,8
4370,178925,7,0,8
4371,183876,27,0,8
4372,184423,90,0,8
4373,184428,124,0,8
4374,184436,12,0,8
4375,184603,959,0,8
4376,186533,25,0,8
4377,176092,0,0,8
4378,171700,4,0,8
4379,171702,0,0,8
4380,171703,5,0,8
4381,171704,4,0,8
4382,171706,0,0,8
4383,171707,5,0,8
4384,185699,11,0,8
4385,185025,1,0,8
4386,179948,25,0,8
4387,176095,22,0,8
4388,172131,27,0,8
4389,182244,8,0,8
4390,184048,38,0,7
4391,181610,331,0,8
4392,177382,2,0,4
4393,180734,1,0,0
4394,180753,7,0,8
4395,179082,1,0,0
4396,181257,29,0,0
4397,177838,3,0,8
4398,177845,11,0,8
4399,176568,3,0,8
4400,186748,96,0,8
4401,180196,230,0,8
4402,180210,2041,0,8
4403,180519,712,0,8
4404,174690,3,0,8
4405,181259,9,0,0
4406,177381,4,0,0
4407,184605,10,0,8
4408,184640,38,0,8
4409,186749,396,0,8
4410,186751,599,0,8
4411,176529,101,0,8
4412,173946,5,0,8
4413,176093,0,0,8
4414,176094,1,0,8
4415,172133,10,0,8
4416,172134,18,0,8
4417,184093,183,0,7
4418,180537,59,0,8
4419,172136,25,0,8
4420,172137,11,0,8
4421,186564,6,0,8
4422,187849,196,0,7
4423,186941,4,0,8
4424,187615,47,0,8
4425,187209,1,0,8
4426,186848,3,0,8
4427,189156,95,0,8
4428,189132,33,0,8
4429,189134,386,0,8
4430,189133,97,0,8
4431,188197,4,0,8
4432,161229,1542,0,8
4433,189809,1491,0,8
4434,189097,0,0,6
4435,189100,590,0,8
4436,182769,3,0,8
4437,182773,1,0,8
4438,188139,30,0,8
4439,188285,189,0,8
4440,188132,6,0,8
4441,188134,83,0,8
4442,189135,220,0,8
4443,188201,8,0,8
4444,189814,1701,0,8
4445,187156,1504,0,8
4446,189144,84,0,8
4447,189145,112,0,8
4448,189146,14,0,8
4449,189147,2,0,8
4450,198811,6,0,8
4451,198814,1,0,8
4452,198815,1,0,8
4453,188141,10,0,8
4454,188167,12,0,8
4455,182787,4,0,8
4456,189140,2516,0,8
4457,196236,92,0,8
4458,186750,158,0,8
4459,187750,11,0,8
4460,187094,12,0,8
4461,187546,6,0,8
4462,189141,1652,0,8
4463,189142,54,0,8
4464,189143,289,0,8
4465,215426,40,0,8
4466,182779,3,0,8
4467,198366,15,0,8
4468,198368,172,0,8
4469,197142,11,0,8
4470,186997,4,0,8
4471,186998,10,0,8
4472,187001,16,0,8
4473,187002,17,0,8
4474,189308,87,0,6
4475,191653,107,0,8
4476,189320,77,0,8
4477,164162,3,0,8
4478,198816,63,0,8
4479,197800,17,0,8
4480,188200,11,0,8
4481,181419,8,0,7
4482,186542,4,0,8
4483,197801,4,0,8
4484,196224,9,0,8
4485,163456,0,-1,-1
4486,188288,16,0,7
4487,170958,249,0,4
4488,188192,7,0,8
4489,188181,4,0,8
4490,186850,5,0,8
4491,186849,9,0,8
4492,189139,92,0,8
4493,186942,3065,0,8
4494,185498,32,0,8
4495,198272,1,0,8
4496,196378,3,0,8
4497,196385,3,0,8
4498,192767,3,0,8
4499,192768,3,0,8
4500,196235,1,0,8
4501,189363,8,0,0
4502,189370,3,0,8
4503,189126,24,0,8
4504,187096,34,0,8
4505,189138,520,0,8
4506,189129,10,0,8
4507,189128,6,0,8
4508,189130,284,0,8
4509,182797,220,0,8
4510,186920,3,0,8
4511,186527,189,0,8
4512,186536,16,0,8
4513,186802,1,0,8
4514,186803,5,0,8
4515,187323,15,0,7
4516,197332,1,0,8
4517,193950,68,0,8
4518,196858,5,0,0
4519,196815,54,0,7
4520,181413,0,0,8
4521,188558,15,0,8
4522,188824,6,0,8
4523,171134,6,0,8
4524,198064,3,0,8
4525,187885,182,0,7
4526,188205,8,0,8
4527,175323,2,0,8
4528,175647,3,0,8
4529,188845,6,0,8
4530,188865,4,0,8
4531,188873,1,0,8
4532,182574,11,0,8
4533,187390,11,0,0
4534,189701,16,0,2
4535,188292,259,0,8
4536,187521,4,0,8
4537,187522,33,0,8
4538,187523,6,0,8
4539,189546,505,0,8
4540,197477,30,0,8
4541,186937,4,0,8
4542,188199,6,0,8
4543,186568,181,0,8
4544,189303,15,0,8
4545,189328,78,0,8
4546,189300,3,0,8
4547,189378,181,0,7
4548,182776,4,0,8
4549,188043,7,0,8
4550,182782,24,0,8
4551,186671,84,0,8
4552,189815,7796,0,8
4553,189816,2461,0,8
4554,188140,10,0,8
4555,188947,0,0,8
4556,188949,109,0,8
4557,189329,34,0,8
4558,189330,34,0,8
4559,189331,77,0,8
4560,189385,34,0,8
4561,189388,78,0,8
4562,188629,9,0,8
4563,188859,24,0,8
4564,186704,17,0,0
4565,186638,23,0,8
4566,187883,80,0,7
4567,187488,960,0,8
4568,189342,26,0,0
4569,189347,5,0,7
4570,189151,135,0,8
4571,189296,7,0,8
4572,189299,370,0,8
4573,189547,264,0,8
4574,187090,25,0,8
4575,197478,5,0,8
4576,189770,733,0,8
4577,189772,212,0,8
4578,189773,406,0,8
4579,188711,143,0,7
4580,189340,12,0,8
4581,189341,5,0,6
4582,189343,119,0,8
4583,189345,7,0,7
4584,189382,18,0,8
4585,189728,20,0,2
4586,195815,465,0,8
4587,195817,70,0,8
4588,195818,74,0,8
4589,197808,12,0,8
4590,197827,6,0,8
4591,197055,2,0,8
4592,197080,46,0,8
4593,197081,4,0,8
4594,197088,0,0,8
4595,197090,10,0,8
4596,197096,13,0,8
4597,197107,24,0,8
4598,196433,19,0,8
4599,196563,6,0,8
4600,198000,0,0,8
4601,198007,6,0,8
4602,198042,6,0,8
4603,196414,66,0,8
4604,196413,18,0,8
4605,196415,18,0,8
4606,178361,423,0,8
4607,197963,5,0,8
4608,192518,208,0,8
4609,197928,6,0,8
4610,198312,361,0,8
4611,198230,5,0,8
4612,198288,18,0,8
4613,198289,169,0,8
4614,196640,9,0,8
4615,197999,17,0,8
4616,198006,17,0,8
4617,198010,30,0,8
4618,196405,16,0,8
4619,197629,1,0,8
4620,197631,7,0,8
4621,197638,8,0,8
4622,196786,13,0,8
4623,192558,2,0,7
4624,187611,901,0,6
4625,197098,4,0,4
4626,197100,11,0,8
4627,196446,11,0,8
4628,198081,92,0,8
4629,196438,34,0,8
4630,191776,10,0,0
4631,198072,5,0,8
4632,196877,134,0,8
4633,196795,2,0,8
4634,196617,10,0,8
4635,196616,21,0,8
4636,197567,2,0,8
4637,192050,14,0,8
4638,197843,17,0,8
4639,196619,148,0,8
4640,196620,3,0,8
4641,196621,7,0,8
4642,198122,497,0,8
4643,198124,39,0,8
4644,198125,37,0,8
4645,198119,11,0,8
4646,198130,40,0,8
4647,196493,6,0,8
4648,196494,16,0,8
4649,196927,4,0,8
4650,196929,3,0,8
4651,196930,3,0,8
4652,199870,3,0,8
4653,199871,44,0,8
4654,198082,13,0,8
4655,198084,105,0,8
4656,198131,6,0,8
4657,198135,17,0,8
4658,198796,4,0,8
4659,198797,3,0,8
4660,197887,11,0,8
4661,198353,355,0,8
4662,198354,34,0,8
4663,196469,8,0,8
4664,197706,13,0,8
4665,197707,10,0,8
4666,198359,42,0,8
4667,198360,7,0,8
4668,197574,0,0,8
4669,197580,2,0,8
4670,198375,74,0,8
4671,169598,6,0,0
4672,197643,190,0,8
4673,197625,15,0,8
4674,196623,8,0,8
4675,196624,19,0,8
4676,196625,14,0,8
4677,196626,1141,0,8
4678,196628,5,0,8
4679,197511,421,0,8
4680,197085,44,0,8
4681,196932,18,0,8
4682,196923,40,0,8
4683,198073,0,0,8
4684,198075,2,0,8
4685,198076,2,0,8
4686,198077,3,0,8
4687,199872,8,0,8
4688,199875,15,0,8
4689,199877,8,0,8
4690,199879,288,0,8
4691,198729,5,0,8
4692,199085,6,0,8
4693,198279,5,0,8
4694,192394,1,0,8
4695,198355,28,0,8
4696,198356,16,0,8
4697,198357,295,0,8
4698,198358,28,0,8
4699,197702,10,0,8
4700,195896,3,0,6
4701,195898,15,0,7
4702,197708,1,0,8
4703,198215,13,0,8
4704,198216,30,0,8
4705,197339,24,0,8
4706,197340,65,0,8
4707,197333,12,0,8
4708,196548,19,0,8
4709,196549,4,0,8
4710,196550,4,0,8
4711,197590,5,0,8
4712,262539,48,0,8
4713,262541,35,0,8
4714,195856,0,0,8
4715,195857,7,0,8
4716,196234,199,0,8
4717,195860,12,0,7
4718,197621,2,0,8
4719,199866,5,0,8
4720,199869,6,0,8
4721,197851,4,0,8
4722,198080,71,0,8
4723,198297,5,0,8
4724,198298,7,0,8
4725,198730,7,0,8
4726,198732,8,0,8
4727,198760,4,0,8
4728,198282,5,0,8
4729,196481,385,0,8
4730,194030,16,0,8
4731,197342,9,0,8
4732,197343,5,0,8
4733,197344,3,0,8
4734,196483,55,0,8
4735,197841,3,0,8
4736,196418,8,0,8
4737,196618,194,0,8
4738,192546,2,0,8
4739,192550,5,0,8
4740,192555,7,0,8
4741,192557,11,0,8
4742,198070,8,0,8
4743,197074,1356,0,8
4744,196488,39,0,8
4745,196489,42,0,8
4746,196490,257,0,8
4747,196491,101,0,8
4748,196492,149,0,8
4749,198727,5,0,8
4750,198728,5,0,8
4751,197835,2,0,8
4752,197836,2,0,8
4753,197837,8,0,8
4754,197005,22,0,8
4755,197910,1,0,8
4756,192541,3,0,8
4757,198067,38,0,8
4758,192559,6,0,8
4759,192560,0,0,8
4760,195827,346,0,8
4761,195828,50,0,8
4762,195829,1596,0,8
4763,195830,4,0,8
4764,195855,19,0,8
4765,198277,31,0,8
4766,197831,7,0,8
4767,197833,2,0,8
4768,189040,7,0,8
4769,197290,541,0,8
4770,197293,649,0,8
4771,198058,5,0,8
4772,198059,2,0,8
4773,198060,14,0,8
4774,198062,34,0,8
4775,198063,4,0,8
4776,198065,8,0,8
4777,192543,0,0,8
4778,198068,3,0,8
4779,198069,273,0,8
4780,198061,14,0,8
4781,198032,144,0,8
4782,198055,5,0,8
4783,197842,4,0,8
4784,197847,39,0,8
4785,197844,10,0,8
4786,196291,20,0,8
4787,196293,66,0,8
4788,196295,2,0,8
4789,196298,114,0,8
4790,197834,1,0,8
4791,196987,26,0,5
4792,196996,4,0,8
4793,192556,1,0,8
4794,197294,404,0,8
4795,198159,26,0,8
4796,198160,4,0,8
4797,192384,2,0,8
4798,192385,11,0,8
4799,192387,4,0,8
4800,192392,1,0,8
4801,198066,2,0,8
4802,198074,87,0,8
4803,198078,10,0,8
4804,197059,63,0,7
4805,197060,10,0,8
4806,197061,4,0,3
4807,195735,7,0,8
4808,195819,160,0,8
4809,195825,4314,0,8
4810,197608,16,0,8
4811,195809,27,0,8
4812,198322,982,0,8
4813,197849,3,0,8
4814,196789,3,0,8
4815,196790,5,0,8
4816,196765,23,0,8
4817,196766,4,0,8
4818,196767,4,0,8
4819,196768,4,0,8
4820,196760,583,0,8
4821,192381,0,0,8
4822,192382,147,0,8
4823,198148,9,0,8
4824,199880,7,0,8
4825,199882,14,0,8
4826,201336,11,0,8
4827,201337,25,0,8
4828,195852,6,0,8
4829,198207,2,0,8
4830,178372,297,0,8
4831,195816,2,0,8
4832,195734,12,0,8
4833,197423,13,0,8
4834,197424,168,0,8
4835,197640,4,0,8
4836,197670,8,0,8
4837,198283,215,0,8
4838,198473,343,0,8
4839,197428,14,0,8
4840,196461,481,0,8
4841,201338,41,0,8
4842,201339,33,0,8
4843,198761,4,0,8
4844,198795,5,0,8
4845,196792,12,0,8
4846,196787,4,0,8
4847,197671,2,0,8
4848,197840,1,0,8
4849,198475,338,0,8
4850,196631,8,0,8
4851,198141,23,0,7
4852,198144,11,0,8
4853,198145,7,0,8
4854,198146,20,0,8
4855,196460,141,0,8
4856,196560,25,0,8
4857,196568,16,0,8
4858,196570,6,0,8
4859,196572,10,0,8
4860,198284,226,0,8
4861,198134,234,0,8
4862,188812,1,0,8
4863,188826,28,0,8
4864,198016,21,0,8
4865,198020,14,0,8
4866,198029,11,0,8
4867,198002,16,0,8
4868,196194,12,0,8
4869,195635,656,0,7
4870,197929,1,0,8
4871,198259,4,0,8
4872,197917,2,0,8
4873,198291,33,0,8
4874,198293,180,0,8
4875,198294,42,0,8
4876,196472,5,0,8
4877,178366,1665,0,8
4878,178367,374,0,8
4879,195590,5,0,8
4880,197634,1340,0,8
4881,197635,36,0,8
4882,197637,216,0,8
4883,197642,890,0,8
4884,197705,1,0,8
4885,196187,622,0,8
4886,198001,4,0,8
4887,192402,1,0,8
4888,198150,185,0,8
4889,197583,6,0,8
4890,196409,40,0,8
4891,192769,17,0,8
4892,197932,9,0,8
4893,198262,1134,0,8
4894,198223,6,0,8
4895,196434,8,0,8
4896,196435,27,0,8
4897,198021,136,0,8
4898,198026,11,0,8
4899,198027,10,0,8
4900,198028,80,0,8
4901,196484,55,0,8
4902,194574,327,0,8
4903,194577,44,0,8
4904,194591,116,0,8
4905,194602,10,0,8
4906,180572,43,0,8
4907,192529,176,0,8
4908,198227,6,0,8
4909,196347,11,0,8
4910,197115,1,0,8
4911,197116,0,0,8
4912,197120,6,0,8
4913,196205,31,0,8
4914,188821,6,0,8
4915,192403,2,0,8
4916,196406,35,0,8
4917,196412,25,0,8
4918,198824,0,0,8
4919,198860,2,0,8
4920,179940,10,0,8
4921,198044,981,0,6
4922,198224,14,0,8
4923,198225,26,0,8
4924,198226,3,0,8
4925,198228,31,0,8
4926,198229,20,0,8
4927,196054,10,0,8
4928,196853,1,0,8
4929,197992,110,0,8
4930,198005,5,0,8
4931,197627,10,0,8
4932,197633,1995,0,8
4933,192519,95,0,7
4934,192520,424,0,7
4935,198316,12,0,7
4936,197390,1587,0,8
4937,192530,660,0,8
4938,190182,628,0,8
4939,197904,3,0,8
4940,197570,357,0,8
4941,197054,4,0,8
4942,198311,200,0,8
4943,188834,8,0,8
4944,197979,4,0,8
4945,198004,4,0,8
4946,195820,5,0,7
4947,198861,2,0,8
4948,197829,3,0,8
4949,196928,4,0,8
4950,196559,12,0,8
4951,198046,981,0,6
4952,198048,8,0,8
4953,198049,6,0,0
4954,198050,2,0,7
4955,196419,12,0,8
4956,196425,337,0,8
4957,198315,256,0,8
4958,198318,140,0,8
4959,198346,529,0,8
4960,196641,12,0,8
4961,196808,0,0,8
4962,198041,1019,0,8
4963,198043,12,0,8
4964,198045,223,0,8
4965,198047,109,0,8
4966,198314,265,0,8
4967,196381,6,0,8
4968,196383,2,0,8
4969,198267,0,0,8
4970,198817,5,0,8
4971,198818,3,0,8
4972,195859,31,0,8
4973,195264,12,0,8
4974,197830,8,0,8
4975,197832,3,0,8
4976,197895,34,0,8
4977,198149,9,0,8
4978,198217,17,0,8
4979,198219,3,0,8
4980,192770,3,0,8
4981,192773,7,0,8
4982,192771,1,0,8
4983,197860,31,0,8
4984,197959,5,0,8
4985,197985,11,0,8
4986,196479,129,0,8
4987,180628,8,0,8
4988,198030,120,0,8
4989,198347,23,0,8
4990,198349,21,0,8
4991,198350,5,0,8
4992,198351,39,0,8
4993,198352,10,0,8
4994,196867,4,0,8
4995,198051,6,0,8
4996,198056,3,0,8
4997,198057,9,0,8
4998,198819,3,0,8
