,EVENT_ID,forest,forest_year
0,200363,0,8
1,200364,0,8
2,200366,0,8
3,200369,0,8
4,200370,0,8
5,206405,0,7
6,203911,0,8
7,203912,0,8
8,200498,0,7
9,200499,0,8
10,206702,0,8
11,206703,0,8
12,206705,0,8
13,199169,0,8
14,200409,0,7
15,200410,0,8
16,200411,0,8
17,200412,0,8
18,200413,0,8
19,200415,0,8
20,201416,0,8
21,201417,0,8
22,198739,0,6
23,199207,0,8
24,200490,0,8
25,186658,0,8
26,200268,0,7
27,200269,0,7
28,183737,0,7
29,202215,0,8
30,202216,0,8
31,203393,0,8
32,203396,0,8
33,200270,0,8
34,200271,0,8
35,200272,0,8
36,200274,0,8
37,202269,0,8
38,202271,0,8
39,197318,0,8
40,197319,0,8
41,202209,0,8
42,181974,0,7
43,202212,0,8
44,202213,0,8
45,202214,0,8
46,200408,0,8
47,200267,0,8
48,169699,0,8
49,202019,0,8
50,202021,0,8
51,197967,0,8
52,197975,0,8
53,198427,0,8
54,202022,0,8
55,202856,0,8
56,203909,0,8
57,203910,0,5
58,200296,0,8
59,200396,0,7
60,200492,0,8
61,200493,0,8
62,200494,0,6
63,200495,0,8
64,200497,0,7
65,186491,0,8
66,186494,0,8
67,199742,0,8
68,198397,0,8
69,198398,0,8
70,201356,0,8
71,201357,0,8
72,207583,0,8
73,207584,0,8
74,201849,0,8
75,206400,0,8
76,206401,0,8
77,206402,0,8
78,207431,0,8
79,201358,0,8
80,201359,0,8
81,198391,0,8
82,198392,0,8
83,198393,0,8
84,196308,0,8
85,196312,0,8
86,199690,0,8
87,200151,0,8
88,199528,0,8
89,198394,0,8
90,198395,0,8
91,201412,0,8
92,201413,0,8
93,201414,0,8
94,201415,0,8
95,208311,0,6
96,199214,0,8
97,208712,0,8
98,203045,0,8
99,203046,0,8
100,203050,0,8
101,146440,0,8
102,146445,0,8
103,146500,0,8
104,146503,0,7
105,146504,0,8
106,146505,0,8
107,146507,0,8
108,203047,0,8
109,199906,0,8
110,199907,0,8
111,199908,0,8
112,149147,0,8
113,149148,0,8
114,149149,0,8
115,149150,0,8
116,149151,0,8
117,149152,0,8
118,203041,0,8
119,206790,0,8
120,201981,0,8
121,202262,0,8
122,202410,0,8
123,149141,0,8
124,149142,0,8
125,149143,0,8
126,199918,0,8
127,151426,0,8
128,151428,0,8
129,151429,0,8
130,205602,0,8
131,204647,0,8
132,204648,0,8
133,204649,0,8
134,204650,0,8
135,172707,0,7
136,172708,0,7
137,149145,0,8
138,149146,0,8
139,172701,0,4
140,172706,0,8
141,199919,0,7
142,172709,0,8
143,150691,0,8
144,201676,0,8
145,146509,0,8
146,146510,0,8
147,146511,0,8
148,209012,0,8
149,203048,0,8
150,141617,0,8
151,141618,0,8
152,141624,0,8
153,200603,0,5
154,200604,0,8
155,146433,0,8
156,208703,0,8
157,208705,0,8
158,208709,0,8
159,199910,0,8
160,196171,0,8
161,196180,0,8
162,196182,0,8
163,196184,0,8
164,196190,0,8
165,196193,0,8
166,147907,0,8
167,204645,0,8
168,204646,0,8
169,174729,0,8
170,197156,0,5
171,152654,0,6
172,152652,0,8
173,208329,0,8
174,196158,0,8
175,196160,0,8
176,196162,0,8
177,208673,0,8
178,201980,0,8
179,196165,0,8
180,196166,0,8
181,196172,0,8
182,208687,0,8
183,172663,0,8
184,196802,0,8
185,197322,0,8
186,197341,0,8
187,207429,0,8
188,198919,0,8
189,199090,0,8
190,199092,0,8
191,196803,0,8
192,196805,0,8
193,196854,0,8
194,196855,0,8
195,196856,0,8
196,196925,0,8
197,207602,0,1
198,202341,0,8
199,202355,0,8
200,161775,0,8
201,157247,0,1
202,156281,0,2
203,161516,0,7
204,145886,0,8
205,157252,0,1
206,156282,0,8
207,156283,0,8
208,156284,0,8
209,161517,0,7
210,156883,0,8
211,156903,0,8
212,156904,0,8
213,207930,0,8
214,160969,0,8
215,157302,0,8
216,155392,0,8
217,163358,0,8
218,207933,0,8
219,157251,0,1
220,174915,0,8
221,174917,0,8
222,159214,0,8
223,159215,0,8
224,144656,0,8
225,157250,0,8
226,148698,0,8
227,153235,0,8
228,202351,0,8
229,159216,0,8
230,159219,0,8
231,156682,0,8
232,156697,0,7
233,161518,0,8
234,161519,0,8
235,202356,0,8
236,202361,0,8
237,204159,0,8
238,156699,0,7
239,156910,0,8
240,157248,0,1
241,197709,0,8
242,157245,0,5
243,156905,0,8
244,156906,0,7
245,156907,0,8
246,153231,0,8
247,153233,0,8
248,202337,0,8
249,156059,0,7
250,161515,0,7
251,156387,0,8
252,159222,0,6
253,157045,0,8
254,157049,0,8
255,156868,0,8
256,156869,0,8
257,161520,0,8
258,156872,0,8
259,163351,0,8
260,161521,0,8
261,156062,0,8
262,161499,0,8
263,161500,0,8
264,161501,0,8
265,161506,0,8
266,163756,0,8
267,149949,0,0
268,149952,0,0
269,161512,0,8
270,172988,0,8
271,156275,0,7
272,156276,0,7
273,171743,0,0
274,171408,0,8
275,172990,0,8
276,173002,0,7
277,156279,0,8
278,162996,0,8
279,163696,0,8
280,162757,0,8
281,162759,0,8
282,162768,0,7
283,171686,0,7
284,164101,0,8
285,163697,0,8
286,162769,0,8
287,162771,0,6
288,162772,0,7
289,162773,0,7
290,172972,0,8
291,159196,0,7
292,172983,0,8
293,157367,0,8
294,157373,0,0
295,164712,0,8
296,164715,0,8
297,159197,0,8
298,159199,0,8
299,159201,0,8
300,159202,0,8
301,159282,0,6
302,159295,0,0
303,159300,0,0
304,160326,0,0
305,162744,0,8
306,159138,0,8
307,176140,0,4
308,176149,0,5
309,159139,0,8
310,156067,0,7
311,156068,0,7
312,156069,0,7
313,157656,0,6
314,157657,0,6
315,156223,0,8
316,156233,0,8
317,160978,0,8
318,160980,0,8
319,160984,0,8
320,160985,0,8
321,160994,0,8
322,160995,0,8
323,156237,0,8
324,156063,0,8
325,165233,0,8
326,161514,0,8
327,161058,0,8
328,161061,0,8
329,161062,0,8
330,161495,0,8
331,161510,0,8
332,159795,0,8
333,159796,0,8
334,157307,0,8
335,156064,0,8
336,156065,0,6
337,156066,0,7
338,150102,0,6
339,157493,0,6
340,159929,0,8
341,159930,0,8
342,159937,0,8
343,160986,0,8
344,160987,0,8
345,160988,0,8
346,160990,0,8
347,156242,0,7
348,156249,0,6
349,156250,0,6
350,160992,0,8
351,160581,0,8
352,160582,0,8
353,207226,0,7
354,161029,0,7
355,156251,0,7
356,156058,0,8
357,156060,0,8
358,156061,0,8
359,166187,0,7
360,162949,0,8
361,156736,0,8
362,156737,0,8
363,160114,0,8
364,160115,0,8
365,160207,0,8
366,168244,0,8
367,192642,0,8
368,152608,0,8
369,214138,-1,-1
370,168248,0,8
371,168253,0,8
372,168254,0,8
373,168269,0,8
374,214140,-1,-1
375,161431,0,8
376,162968,0,8
377,162969,0,8
378,168242,0,0
379,149839,0,5
380,168243,0,8
381,154667,0,8
382,154670,0,8
383,156183,0,8
384,193382,0,8
385,151403,0,8
386,156738,0,8
387,154656,0,8
388,154659,0,7
389,154660,0,8
390,154673,0,8
391,156740,0,8
392,156741,0,8
393,192661,0,8
394,162763,0,8
395,159193,0,6
396,159195,0,7
397,155271,0,8
398,155272,0,2
399,155276,0,7
400,193117,0,8
401,155062,0,8
402,164470,0,8
403,228427,0,8
404,157559,0,0
405,157565,0,0
406,157566,0,0
407,157567,0,0
408,157568,0,7
409,172527,0,0
410,157569,0,8
411,157570,0,4
412,157469,0,8
413,166278,0,8
414,166281,0,8
415,160099,0,8
416,160111,0,8
417,160845,0,8
418,166592,0,0
419,166598,0,5
420,166600,0,7
421,149119,0,8
422,168235,0,1
423,168238,0,0
424,168476,0,6
425,168478,0,8
426,160848,0,8
427,160853,0,8
428,160855,0,8
429,160858,0,8
430,166595,0,8
431,162624,0,8
432,152631,0,8
433,147904,0,8
434,203051,0,8
435,208738,0,8
436,172002,0,8
437,203055,0,8
438,208596,0,8
439,196040,0,8
440,196052,0,8
441,196081,0,8
442,196087,0,8
443,203053,0,8
444,203054,0,8
445,171952,0,5
446,171956,0,8
447,171958,0,4
448,203229,0,8
449,163209,0,8
450,166728,0,8
451,167693,0,0
452,167692,0,0
453,166553,0,8
454,169176,0,0
455,177004,0,8
456,166710,0,8
457,174714,0,8
458,174719,0,8
459,169526,0,8
460,169527,0,8
461,170546,0,8
462,166692,0,8
463,170548,0,8
464,170549,0,8
465,170550,0,8
466,170182,0,8
467,170183,0,6
468,170186,0,8
469,170187,0,8
470,166712,0,8
471,175337,0,8
472,161156,0,8
473,167914,0,8
474,167816,0,8
475,171859,0,8
476,173016,0,8
477,173018,0,8
478,168533,0,8
479,168542,0,8
480,168545,0,8
481,176741,0,8
482,176830,0,8
483,166703,0,8
484,175340,0,8
485,173900,0,8
486,173901,0,8
487,173903,0,8
488,172821,0,8
489,175243,0,8
490,172576,0,8
491,166684,0,8
492,167933,0,8
493,167934,0,8
494,168504,0,6
495,169189,0,8
496,169195,0,8
497,169196,0,8
498,169197,0,8
499,167504,0,8
500,164729,0,8
501,164730,0,8
502,175330,0,8
503,172594,0,8
504,172596,0,8
505,172598,0,8
506,170035,0,8
507,169533,0,8
508,169990,0,8
509,168506,0,6
510,166701,0,8
511,172569,0,8
512,172570,0,8
513,172571,0,8
514,172572,0,8
515,179566,0,8
516,172597,0,8
517,176985,0,8
518,161137,0,7
519,170074,0,8
520,170175,0,6
521,166693,0,8
522,171873,0,8
523,172573,0,8
524,172574,0,8
525,168532,0,8
526,168535,0,8
527,168874,0,8
528,179586,0,8
529,179587,0,8
530,179661,0,8
531,173081,0,8
532,173090,0,7
533,173092,0,8
534,172605,0,8
535,172611,0,8
536,182243,0,8
537,182245,0,7
538,167920,0,8
539,170181,0,8
540,166694,0,8
541,172567,0,8
542,168883,0,8
543,168884,0,7
544,171893,0,8
545,172702,0,1
546,166689,0,8
547,176287,0,8
548,169907,0,0
549,172568,0,8
550,190169,0,8
551,167775,0,8
552,167707,0,7
553,174182,0,8
554,166690,0,8
555,169991,0,8
556,173021,0,8
557,173025,0,8
558,173031,0,8
559,169209,0,0
560,161152,0,8
561,161154,0,8
562,167779,0,8
563,179014,0,4
564,179429,0,6
565,179431,0,0
566,175335,0,8
567,175761,0,8
568,167694,0,6
569,174566,0,8
570,174584,0,8
571,169415,0,8
572,158163,0,8
573,158164,0,8
574,158165,0,8
575,179660,0,4
576,179666,0,8
577,166725,0,8
578,175819,0,8
579,166540,0,8
580,172616,0,8
581,172617,0,8
582,172618,0,8
583,175268,0,7
584,169992,0,8
585,170481,0,8
586,170547,0,8
587,166726,0,8
588,177757,-1,-1
589,166634,0,8
590,166635,0,7
591,166551,0,8
592,166729,0,8
593,166529,0,8
594,167676,0,8
595,169410,0,8
596,165941,0,8
597,166723,0,8
598,166724,0,8
599,179763,0,0
600,174565,0,8
601,167937,0,7
602,167695,0,6
603,167699,0,8
604,176988,0,8
605,167923,0,8
606,170393,0,0
607,179798,0,8
608,175804,0,8
609,175811,0,8
610,166539,0,8
611,166727,0,8
612,173899,0,8
613,167705,0,8
614,167930,0,8
615,190176,0,8
616,189436,0,8
617,187760,0,8
618,186634,0,8
619,186635,0,8
620,177888,0,4
621,191178,0,8
622,191180,0,8
623,178431,0,0
624,176882,0,8
625,171037,0,8
626,181191,0,8
627,189426,0,0
628,186668,0,8
629,186670,0,8
630,186672,0,8
631,186674,0,8
632,190970,0,8
633,190971,0,8
634,169387,0,0
635,169184,0,4
636,185919,0,8
637,179771,0,8
638,188237,-1,-1
639,188627,-1,-1
640,190531,0,8
641,186537,0,8
642,186539,0,8
643,186541,0,8
644,162679,-1,-1
645,162680,-1,-1
646,162681,-1,-1
647,190180,0,6
648,190181,0,7
649,163797,-1,-1
650,190486,0,8
651,186800,0,8
652,187899,0,8
653,187901,0,8
654,187903,0,8
655,186534,0,8
656,188286,0,8
657,180373,0,8
658,161240,0,8
659,186637,0,8
660,191120,0,8
661,189899,0,8
662,189938,0,8
663,189940,0,8
664,189943,0,8
665,187765,0,8
666,180326,0,8
667,180328,0,8
668,180334,0,8
669,180336,0,8
670,161176,0,8
671,185740,0,8
672,179944,0,8
673,179898,0,7
674,179902,0,8
675,161181,0,8
676,161231,0,8
677,161247,0,8
678,185778,0,8
679,186633,0,0
680,188157,0,8
681,174875,0,5
682,186667,0,8
683,189944,0,8
684,189949,0,8
685,189953,0,8
686,190256,0,8
687,168439,0,0
688,177136,0,8
689,187589,0,8
690,187603,0,8
691,190273,0,8
692,190170,0,8
693,190171,0,8
694,190173,0,8
695,190175,0,8
696,188169,0,8
697,191955,0,8
698,180531,0,8
699,180532,0,6
700,168365,0,8
701,188338,0,7
702,180473,0,8
703,191621,0,0
704,190294,0,2
705,165992,0,2
706,165994,0,5
707,165995,0,7
708,166002,0,5
709,170633,0,8
710,170634,0,8
711,191477,0,0
712,186198,0,8
713,186200,0,8
714,177784,0,8
715,166001,0,2
716,185889,0,0
717,185893,0,0
718,178108,0,0
719,192318,0,8
720,191488,0,0
721,190205,0,8
722,190552,0,8
723,175850,0,0
724,175877,0,0
725,187816,0,8
726,187818,0,0
727,181047,0,8
728,188535,0,7
729,193612,0,8
730,183984,0,8
731,191413,0,5
732,170885,0,8
733,170887,0,6
734,190296,0,8
735,188525,0,8
736,188534,0,8
737,192171,0,8
738,192782,0,8
739,180385,0,8
740,180386,0,8
741,180397,0,8
742,180403,0,8
743,192182,0,8
744,180440,0,8
745,180443,0,8
746,190550,0,8
747,190551,0,8
748,191478,0,8
749,192178,0,8
750,190855,0,8
751,190866,0,8
752,192623,0,8
753,171987,0,8
754,171988,0,8
755,171989,0,8
756,171993,0,8
757,182819,0,8
758,191459,0,8
759,191469,0,5
760,192602,0,6
761,192603,0,8
762,192604,0,8
763,169711,0,0
764,169716,0,0
765,171365,0,8
766,171982,0,8
767,171985,0,8
768,171995,0,8
769,171998,0,8
770,172000,0,8
771,189901,0,6
772,170711,0,8
773,191418,0,8
774,189569,0,8
775,189577,0,8
776,180477,0,7
777,170635,0,8
778,170642,0,8
779,186208,0,1
780,189895,0,8
781,188054,0,8
782,170667,0,8
783,170671,0,8
784,170676,0,3
785,187815,0,8
786,191407,0,8
787,191793,0,0
788,180162,0,8
789,183460,0,8
790,183463,0,8
791,183470,0,8
792,183475,0,7
793,188225,0,8
794,191849,0,8
795,183548,0,8
796,190807,0,8
797,188226,0,8
798,191886,0,8
799,191887,0,8
800,191888,0,8
801,191999,0,8
802,192073,0,8
803,192278,0,0
804,186183,0,3
805,186199,0,8
806,170944,0,8
807,170946,0,8
808,188793,0,8
809,188794,0,8
810,180518,0,0
811,188203,0,8
812,188204,0,8
813,188206,0,5
814,188212,0,8
815,189479,0,8
816,171299,0,8
817,188216,0,8
818,188218,0,8
819,180521,0,8
820,189493,0,6
821,190312,0,8
822,186353,0,7
823,191885,0,8
824,183553,0,8
825,183577,0,8
826,191781,0,8
827,192028,0,8
828,192029,0,8
829,192053,0,8
830,170959,0,7
831,170960,0,0
832,183601,0,8
833,183794,0,8
834,191953,0,8
835,192055,0,8
836,192065,0,8
837,180255,0,6
838,180256,0,7
839,180268,0,8
840,185656,0,0
841,192100,0,0
842,215428,0,8
843,215430,0,8
844,172745,0,8
845,172746,0,8
846,172750,0,8
847,172751,0,8
848,175717,0,8
849,176108,0,8
850,176341,0,7
851,153826,0,7
852,154051,0,8
853,173996,0,8
854,170086,0,1
855,154052,0,8
856,154053,0,8
857,175289,0,8
858,172599,0,8
859,172600,0,8
860,172602,0,8
861,172710,0,8
862,172719,0,8
863,172735,0,8
864,175287,0,8
865,172737,0,8
866,169073,0,8
867,169074,0,8
868,169075,0,8
869,176135,0,8
870,176346,0,7
871,149635,0,8
872,153823,0,8
873,153824,0,6
874,179662,0,8
875,179664,0,8
876,173399,0,8
877,173400,0,8
878,173402,0,8
879,166722,0,8
880,153821,0,8
881,153822,0,7
882,155295,0,8
883,173407,0,8
884,173409,0,8
885,170604,0,8
886,170612,0,8
887,170613,0,8
888,170651,0,8
889,166718,0,8
890,156724,0,8
891,155179,0,8
892,155180,0,8
893,155182,0,8
894,170581,0,8
895,175318,0,7
896,166716,0,8
897,172738,0,8
898,172742,0,8
899,172743,0,8
900,209064,0,6
901,156689,0,8
902,150600,0,8
903,150601,0,8
904,209065,0,8
905,156695,0,8
906,150602,0,5
907,193128,0,8
908,156713,0,8
909,150603,0,6
910,149632,0,8
911,149633,0,6
912,150597,0,8
913,150598,0,8
914,197582,0,0
915,197584,0,6
916,191525,0,8
917,173931,0,8
918,173932,0,8
919,186084,0,0
920,176076,0,8
921,184549,0,8
922,184552,0,8
923,185066,0,8
924,185272,0,8
925,185277,0,8
926,178312,0,8
927,179127,0,8
928,179131,0,7
929,184315,0,4
930,163219,0,8
931,176100,0,8
932,186033,0,0
933,186036,0,0
934,186037,0,0
935,185347,0,8
936,185348,0,8
937,185349,0,7
938,170566,0,8
939,179214,0,7
940,170568,0,8
941,160460,0,8
942,178236,0,8
943,178256,0,8
944,181332,0,8
945,180378,0,8
946,179818,0,8
947,170057,0,8
948,160690,0,8
949,160695,0,7
950,183117,0,8
951,187127,0,8
952,187128,0,8
953,186032,0,0
954,185021,0,8
955,185838,0,6
956,196372,0,8
957,179539,0,8
958,179804,0,7
959,180620,0,0
960,185350,0,3
961,178306,0,8
962,179994,0,8
963,179995,0,8
964,182686,0,8
965,197585,0,6
966,197586,0,8
967,194241,0,8
968,194261,0,7
969,194262,0,8
970,194263,0,8
971,167438,0,0
972,167447,0,0
973,167448,0,0
974,167449,0,6
975,191527,0,8
976,182429,0,7
977,182430,0,8
978,182431,0,8
979,182433,0,8
980,183669,0,5
981,184707,0,5
982,193767,0,8
983,193768,0,8
984,194264,0,7
985,194266,0,7
986,192926,0,8
987,192933,0,8
988,192935,0,8
989,192944,0,8
990,183087,0,4
991,183090,0,8
992,187350,0,8
993,185873,0,5
994,185877,0,0
995,185927,0,8
996,185930,0,0
997,197325,0,8
998,192947,0,8
999,195564,0,8
1000,177856,0,4
1001,177858,0,6
1002,177859,0,7
1003,177860,0,7
1004,177861,0,8
1005,177863,0,8
1006,197934,0,8
1007,197982,0,8
1008,198501,0,8
1009,184736,0,7
1010,181321,0,8
1011,180899,0,8
1012,197346,0,8
1013,167469,0,0
1014,191514,0,8
1015,191516,0,8
1016,191517,0,8
1017,191519,0,8
1018,191521,0,8
1019,188802,0,6
1020,188807,0,7
1021,188811,0,8
1022,195074,0,8
1023,195075,0,8
1024,180904,0,8
1025,178297,0,8
1026,178307,0,8
1027,178310,0,8
1028,167434,0,5
1029,167436,0,7
1030,192925,0,8
1031,177864,0,7
1032,177865,0,7
1033,177866,0,8
1034,177867,0,8
1035,184016,0,6
1036,179538,0,8
1037,176578,0,0
1038,177824,0,0
1039,175986,0,8
1040,173626,0,4
1041,173628,0,4
1042,173646,0,7
1043,203062,0,8
1044,203068,0,8
1045,201418,0,7
1046,201419,0,7
1047,202805,0,8
1048,200847,0,8
1049,202305,0,8
1050,203299,0,8
1051,202499,0,8
1052,202945,0,8
1053,203096,0,8
1054,202502,0,8
1055,202111,0,8
1056,196799,0,8
1057,202364,0,8
1058,196800,0,8
1059,203475,0,8
1060,196776,0,8
1061,196798,0,8
1062,203072,0,8
1063,203073,0,8
1064,202319,0,8
1065,202020,0,8
1066,141799,-1,-1
1067,200283,0,8
1068,184020,0,8
1069,184023,0,4
1070,184024,0,6
1071,179462,0,8
1072,179463,0,8
1073,173676,0,8
1074,182330,0,6
1075,182353,0,0
1076,182401,0,8
1077,182411,0,7
1078,184007,0,0
1079,179457,0,8
1080,179913,0,0
1081,184009,0,2
1082,185429,0,8
1083,185430,0,8
1084,203176,0,8
1085,200730,0,7
1086,203017,0,8
1087,203018,0,8
1088,200602,0,6
1089,203043,0,8
1090,199865,0,8
1091,203395,0,8
1092,202210,0,8
1093,144655,0,8
1094,203564,0,8
1095,200595,0,8
1096,198003,0,8
1097,203989,0,8
1098,203988,0,8
1099,204244,0,8
1100,202306,0,8
1101,202344,0,7
1102,202941,0,8
1103,202942,0,8
1104,201979,0,8
1105,202275,0,8
1106,203675,0,8
1107,203668,0,8
1108,203670,0,8
1109,203672,0,8
1110,202211,0,8
1111,202217,0,8
1112,202295,0,8
1113,203074,0,8
1114,203075,0,8
1115,200704,0,8
1116,202501,0,8
1117,199881,0,8
1118,201362,0,8
1119,201340,0,8
1120,201364,0,8
1121,201343,0,8
1122,202936,0,8
1123,202792,0,8
1124,202940,0,8
1125,202307,0,8
1126,203200,0,8
1127,203201,0,8
1128,203015,0,8
1129,203016,0,8
1130,202324,0,8
1131,202329,0,8
1132,202347,0,8
1133,200314,0,8
1134,203039,0,8
1135,207394,0,8
1136,202335,0,8
1137,202349,0,8
1138,200729,0,7
1139,203076,0,8
1140,203040,0,8
1141,202490,0,8
1142,201378,0,8
1143,201363,0,8
1144,202946,0,8
1145,197135,0,8
1146,203182,0,8
1147,202354,0,8
1148,197623,0,8
1149,202800,0,8
1150,202799,0,8
1151,203169,0,8
1152,197133,0,8
1153,200769,0,8
1154,203042,0,8
1155,202934,0,8
1156,170913,0,7
1157,197648,0,0
1158,192031,0,0
1159,192033,0,0
1160,192034,0,0
1161,192035,0,0
1162,196561,0,8
1163,190111,0,8
1164,190112,0,8
1165,190113,0,8
1166,190337,0,8
1167,190686,0,0
1168,191224,0,8
1169,195640,0,8
1170,193171,0,8
1171,193172,0,8
1172,194242,0,8
1173,194252,0,8
1174,194573,0,7
1175,184000,0,8
1176,193173,0,8
1177,193174,0,8
1178,193220,0,8
1179,193223,0,8
1180,193224,0,8
1181,193225,0,8
1182,190811,0,8
1183,190814,0,8
1184,190815,0,8
1185,187370,0,8
1186,194189,0,0
1187,194190,0,6
1188,183845,0,8
1189,194359,0,8
1190,194360,0,8
1191,195608,0,8
1192,195636,0,8
1193,187484,0,3
1194,195764,0,8
1195,188561,0,8
1196,194710,0,7
1197,195637,0,8
1198,195641,0,8
1199,187452,0,8
1200,190650,0,8
1201,190803,0,8
1202,186729,0,8
1203,195949,0,8
1204,194695,0,7
1205,180213,0,8
1206,197578,0,0
1207,166498,0,8
1208,166510,0,8
1209,166511,0,8
1210,187062,0,8
1211,195605,0,8
1212,176502,0,8
1213,193848,0,3
1214,191483,0,8
1215,197581,0,0
1216,166512,0,8
1217,193507,0,8
1218,188902,0,8
1219,190393,0,8
1220,195607,0,8
1221,193785,0,8
1222,191969,0,7
1223,190370,0,8
1224,190560,0,8
1225,190565,0,8
1226,193236,0,6
1227,193226,0,8
1228,190295,0,6
1229,190297,0,4
1230,190298,0,6
1231,175941,0,7
1232,186742,0,8
1233,192948,0,8
1234,194525,0,8
1235,194528,0,8
1236,194530,0,5
1237,188578,0,8
1238,193154,0,5
1239,193155,0,8
1240,193156,0,8
1241,193157,0,8
1242,193159,0,8
1243,193162,0,8
1244,193164,0,8
1245,188133,0,8
1246,192612,0,0
1247,192613,0,0
1248,192614,0,6
1249,171352,0,0
1250,192949,0,8
1251,192992,0,8
1252,195238,0,8
1253,191428,0,8
1254,194534,0,8
1255,194536,0,8
1256,193676,0,8
1257,193677,0,8
1258,193683,0,8
1259,193131,0,8
1260,193132,0,8
1261,188590,0,8
1262,188592,0,8
1263,197657,0,0
1264,193169,0,8
1265,192615,0,0
1266,192616,0,7
1267,196302,0,8
1268,196769,0,8
1269,193691,0,7
1270,193695,0,8
1271,187066,0,6
1272,187067,0,0
1273,197679,0,0
1274,189295,0,8
1275,191897,0,8
1276,189099,0,7
1277,197658,0,5
1278,197660,0,8
1279,197661,0,8
1280,197662,0,7
1281,166430,0,8
1282,195461,0,8
1283,195462,0,8
1284,195467,0,8
1285,195470,0,8
1286,170896,0,6
1287,196773,0,8
1288,196774,0,8
1289,196775,0,8
1290,196778,0,8
1291,187068,0,0
1292,187070,0,0
1293,192027,0,5
1294,192030,0,0
1295,197004,0,8
1296,189103,0,8
1297,189105,0,8
1298,166483,0,8
1299,166489,0,8
1300,166493,0,8
1301,188145,0,8
1302,188163,0,8
1303,188176,0,8
1304,187395,0,0
1305,194538,0,8
1306,194539,0,8
1307,194540,0,8
1308,193143,0,8
1309,193144,0,8
1310,193145,0,8
1311,193146,0,5
1312,193149,0,8
1313,193150,0,8
1314,193151,0,8
1315,176968,0,8
1316,186738,0,8
1317,192605,0,8
1318,192606,0,0
1319,192607,0,7
1320,192608,0,0
1321,193663,0,7
1322,196779,0,8
1323,197577,0,8
1324,195879,0,8
1325,193152,0,8
1326,191906,0,7
1327,192609,0,0
1328,192610,0,1
1329,192611,0,0
1330,166059,0,8
1331,166070,0,4
1332,166069,0,7
1333,200273,0,8
1334,208097,0,8
1335,200378,0,8
1336,198212,0,8
1337,197931,0,8
1338,198726,0,8
1339,198998,0,8
1340,200280,0,8
1341,198735,0,8
1342,167555,0,8
1343,167556,0,8
1344,167563,0,8
1345,167568,0,8
1346,167571,0,8
1347,206150,0,8
1348,206151,0,8
1349,206152,0,8
1350,188662,0,4
1351,198610,0,8
1352,199447,0,8
1353,199470,0,8
1354,199472,0,8
1355,200312,0,8
1356,200309,0,8
1357,197469,0,8
1358,198052,0,6
1359,198053,0,5
1360,199976,0,0
1361,199982,0,8
1362,198371,0,8
1363,196891,0,8
1364,197470,0,8
1365,198089,0,8
1366,199967,0,8
1367,199971,0,8
1368,186953,0,6
1369,198093,0,8
1370,198094,0,8
1371,198095,0,8
1372,205352,0,7
1373,205356,0,8
1374,206149,0,8
1375,199972,0,8
1376,197500,0,8
1377,197501,0,8
1378,197503,0,8
1379,186954,0,7
1380,186955,0,8
1381,186956,0,6
1382,186957,0,5
1383,199436,0,8
1384,197504,0,8
1385,198611,0,8
1386,200561,0,8
1387,198515,0,8
1388,199286,0,8
1389,199306,0,8
1390,206704,0,8
1391,199439,0,8
1392,199442,0,8
1393,200310,0,8
1394,265066,0,8
1395,206153,0,8
1396,206154,0,8
1397,199443,0,8
1398,199444,0,8
1399,199445,0,7
1400,206155,0,8
1401,167456,0,8
1402,200563,0,8
1403,200571,0,8
1404,200572,0,8
1405,175081,0,8
1406,199973,0,8
1407,196071,0,8
1408,197894,0,8
1409,197897,0,8
1410,199383,0,8
1411,166072,0,8
1412,166074,0,8
1413,200414,0,8
1414,200416,0,8
1415,200417,0,8
1416,262542,0,8
1417,262543,0,8
1418,196997,0,0
1419,198239,0,8
1420,194025,0,8
1421,197505,0,8
1422,197445,0,8
1423,197896,0,8
1424,168403,0,8
1425,200894,0,8
1426,197488,0,8
1427,197489,0,8
1428,166192,0,7
1429,166203,0,8
1430,197496,0,8
1431,197506,0,8
1432,197507,0,8
1433,197508,0,8
1434,198734,0,8
1435,200136,0,8
1436,196074,0,8
1437,197053,0,7
1438,197056,0,8
1439,197058,0,8
1440,197903,0,8
1441,197925,0,8
1442,197920,0,8
1443,200279,0,8
1444,197813,0,7
1445,167218,0,8
1446,197497,0,8
1447,197502,0,8
1448,198559,0,8
1449,187393,0,0
1450,200311,0,8
1451,200142,0,8
1452,200143,0,8
1453,197482,0,8
1454,200169,0,8
1455,197814,0,8
1456,199814,0,8
1457,198240,0,6
1458,198246,0,0
1459,198993,0,8
1460,199007,0,8
1461,199043,0,8
1462,200281,0,8
1463,197900,0,8
1464,197899,0,8
1465,197901,0,8
1466,199386,0,8
1467,166076,0,8
1468,166077,0,8
1469,166180,0,7
1470,166182,0,8
1471,197490,0,8
1472,167551,0,8
1473,198214,0,8
1474,200278,0,8
1475,166190,0,8
1476,197491,0,8
1477,197493,0,8
1478,197495,0,8
1479,167294,0,8
1480,206545,0,8
1481,204001,0,8
1482,206030,0,8
1483,206879,0,8
1484,206397,0,8
1485,206660,0,8
1486,206668,0,8
1487,206672,0,8
1488,202004,0,8
1489,202006,0,8
1490,207521,0,8
1491,208491,0,8
1492,206678,0,8
1493,203020,0,8
1494,206880,0,8
1495,200365,0,8
1496,207496,0,5
1497,207515,0,8
1498,203044,0,8
1499,203019,0,8
1500,201985,0,8
1501,147153,0,8
1502,147830,0,8
1503,207502,0,8
1504,206674,0,8
1505,206675,0,8
1506,206676,0,8
1507,203021,0,8
1508,206875,0,8
1509,202245,0,8
1510,206032,0,8
1511,206033,0,8
1512,206034,0,8
1513,204003,0,8
1514,204102,0,8
1515,202261,0,8
1516,204101,0,8
1517,203958,0,8
1518,196562,0,8
1519,147570,0,0
1520,207837,0,8
1521,207838,0,8
1522,207839,0,8
1523,209276,0,8
1524,209277,0,8
1525,209316,0,8
1526,147560,0,0
1527,208686,0,8
1528,208744,0,8
1529,210170,0,8
1530,206408,0,6
1531,209271,0,8
1532,209043,0,8
1533,210149,0,8
1534,210153,0,8
1535,207914,0,8
1536,202003,0,8
1537,208131,0,8
1538,209044,0,8
1539,208646,0,8
1540,209005,0,8
1541,210158,0,8
1542,207541,0,8
1543,201993,0,8
1544,207539,0,8
1545,207543,0,8
1546,210136,0,8
1547,262552,0,8
1548,262553,0,8
1549,262554,0,8
1550,207931,0,8
1551,210138,0,8
1552,210148,0,8
1553,202008,0,8
1554,208506,0,8
1555,208711,0,8
1556,262549,0,8
1557,262550,0,8
1558,262551,0,8
1559,206409,0,8
1560,202264,0,8
1561,208512,0,8
1562,208745,0,8
1563,208746,0,8
1564,208934,0,8
1565,206679,0,7
1566,206410,0,6
1567,206411,0,6
1568,207886,0,8
1569,210164,0,8
1570,210167,0,8
1571,209511,0,8
1572,199211,0,8
1573,199210,0,8
1574,199213,0,8
1575,200601,0,8
1576,207436,0,8
1577,202786,0,8
1578,207410,0,8
1579,207579,0,8
1580,209299,0,8
1581,147544,0,0
1582,207017,0,8
1583,147868,0,8
1584,147878,0,8
1585,202252,0,8
1586,209301,0,8
1587,209306,0,8
1588,207428,0,8
1589,207411,0,8
1590,207581,0,8
1591,207582,0,8
1592,207840,0,8
1593,209310,0,8
1594,207019,0,8
1595,206882,0,6
1596,208096,0,8
1597,205597,0,8
1598,206889,0,8
1599,202001,0,8
1600,147867,0,8
1601,207836,0,7
1602,147881,0,8
1603,147885,0,7
1604,209313,0,8
1605,209315,0,8
1606,203307,0,8
1607,202100,0,8
1608,204154,0,8
1609,204155,0,7
1610,204156,0,7
1611,204157,0,8
1612,197803,0,8
1613,197804,0,8
1614,168048,0,8
1615,200030,0,8
1616,200028,0,8
1617,200129,0,8
1618,200120,0,8
1619,196307,0,8
1620,194976,0,8
1621,196037,0,8
1622,197889,0,8
1623,197891,0,8
1624,203964,0,8
1625,167572,0,8
1626,167573,0,8
1627,195996,0,8
1628,195998,0,8
1629,195999,0,8
1630,196000,0,8
1631,197892,0,8
1632,168402,0,8
1633,200431,0,8
1634,200437,0,8
1635,200439,0,8
1636,198204,0,8
1637,198206,0,8
1638,198208,0,8
1639,203991,0,8
1640,203996,0,8
1641,204162,0,8
1642,200025,0,8
1643,199373,0,8
1644,196004,0,8
1645,196014,0,8
1646,197828,0,8
1647,197880,0,8
1648,192718,0,8
1649,200443,0,8
1650,200123,0,8
1651,164517,0,8
1652,202259,0,8
1653,200027,0,8
1654,184686,0,8
1655,194945,0,8
1656,194974,0,8
1657,200282,0,8
1658,197881,0,8
1659,193193,0,8
1660,193194,0,8
1661,200135,0,8
1662,196039,0,8
1663,196042,0,8
1664,196045,0,8
1665,196047,0,8
1666,196056,0,8
1667,199372,0,8
1668,195966,0,8
1669,195989,0,8
1670,195990,0,8
1671,195993,0,8
1672,195994,0,8
1673,189650,0,8
1674,168399,0,8
1675,168400,0,8
1676,168401,0,8
1677,200124,0,8
1678,198136,0,8
1679,198137,0,8
1680,198138,0,8
1681,200917,0,8
1682,200922,0,8
1683,198211,0,8
1684,198213,0,8
1685,166049,0,8
1686,166051,0,8
1687,188860,0,8
1688,197810,0,8
1689,197812,0,8
1690,197826,0,8
1691,200125,0,8
1692,200122,0,8
1693,198200,0,8
1694,198202,0,8
1695,198203,0,8
1696,166055,0,8
1697,166056,0,8
1698,166057,0,8
1699,168390,0,8
1700,198083,0,8
1701,166048,0,8
1702,199735,0,8
1703,199117,0,8
1704,195960,0,8
1705,195962,0,8
1706,198085,0,8
1707,198090,0,8
1708,198127,0,8
1709,198129,0,8
1710,198132,0,8
1711,198133,0,8
1712,199466,0,8
1713,199375,0,8
1714,203997,0,8
1715,206036,0,8
1716,198736,0,8
1717,199113,0,8
1718,194829,0,8
1719,194831,0,8
1720,197807,0,8
1721,197809,0,8
1722,200121,0,6
1723,200315,0,8
1724,198054,0,6
1725,199385,0,8
1726,199387,0,8
1727,199374,0,8
1728,196016,0,8
1729,196019,0,8
1730,196021,0,8
1731,196022,0,8
1732,196033,0,8
1733,202101,0,8
1734,202102,0,8
1735,202103,0,8
1736,202104,0,8
1737,203953,0,8
1738,203954,0,8
1739,203955,0,8
1740,202105,0,8
1741,202110,0,8
1742,204148,0,8
1743,202218,0,8
1744,197652,0,0
1745,203771,0,8
1746,204149,0,8
1747,204161,0,8
1748,203956,0,8
1749,203957,0,8
1750,203960,0,8
1751,204153,0,8
1752,202384,0,8
1753,202787,0,8
1754,202249,0,8
1755,205193,0,8
1756,201984,0,8
1757,201996,0,8
1758,149139,0,8
1759,149140,0,8
1760,207648,0,8
1761,201998,0,8
1762,205551,0,8
1763,202256,0,8
1764,146411,0,8
1765,202248,0,8
1766,146508,0,8
1767,202250,0,8
1768,203029,0,8
1769,203035,0,8
1770,203030,0,8
1771,201989,0,8
1772,207694,0,8
1773,207703,0,8
1774,202498,0,8
1775,202500,0,8
1776,147154,0,8
1777,147155,0,8
1778,147156,0,8
1779,147818,0,8
1780,147831,0,8
1781,203031,0,8
1782,207720,0,8
1783,202812,0,8
1784,202788,0,8
1785,207686,0,8
1786,207688,0,8
1787,207682,0,8
1788,202334,0,6
1789,204160,0,8
1790,207711,0,8
1791,207713,0,8
1792,201997,0,8
1793,206788,0,8
1794,201994,0,8
1795,146419,0,8
1796,146430,0,8
1797,206894,0,8
1798,202005,0,8
1799,201987,0,8
1800,202254,0,8
1801,203032,0,8
1802,203033,0,8
1803,207707,0,8
1804,206887,0,8
1805,205179,0,8
1806,205184,0,6
1807,205185,0,8
1808,201986,0,8
1809,201992,0,8
1810,207644,0,7
1811,207171,0,8
1812,207685,0,8
1813,201990,0,8
1814,202247,0,8
1815,201991,0,8
1816,208725,0,8
1817,208727,0,8
1818,202002,0,8
1819,202007,0,8
1820,202258,0,8
1821,207542,0,8
1822,207849,0,8
1823,207693,0,8
1824,202492,0,8
1825,202253,0,8
1826,207591,0,8
1827,202255,0,8
1828,202000,0,8
1829,207650,0,8
1830,202263,0,8
1831,207638,0,8
1832,202244,0,8
1833,207848,0,8
1834,150239,0,8
1835,150242,0,8
1836,200306,0,8
1837,200308,0,8
1838,200705,0,8
1839,200706,0,8
1840,200707,0,8
1841,200732,0,8
1842,200733,0,8
1843,200734,0,8
1844,149120,0,8
1845,200764,0,8
1846,149576,0,8
1847,148655,0,8
1848,149823,0,8
1849,200712,0,8
1850,200718,0,8
1851,200720,0,8
1852,200721,0,8
1853,148931,0,8
1854,200747,0,8
1855,200709,0,8
1856,200722,0,8
1857,144722,0,8
1858,200748,0,8
1859,200749,0,8
1860,200750,0,8
1861,201999,0,8
1862,151419,0,8
1863,200711,0,8
1864,200710,0,8
1865,200715,0,8
1866,200717,0,8
1867,147178,0,8
1868,141619,0,8
1869,141623,0,8
1870,150247,0,8
1871,149121,0,8
1872,147173,0,8
1873,200744,0,8
1874,200745,0,8
1875,200746,0,8
1876,147851,0,8
1877,200756,0,8
1878,144721,0,8
1879,200741,0,8
1880,204000,0,8
1881,200766,0,8
1882,200799,0,8
1883,200801,0,8
1884,146877,0,8
1885,200742,0,8
1886,200743,0,8
1887,146878,0,8
1888,146879,0,8
1889,146880,0,8
1890,147852,0,8
1891,144723,0,8
1892,200724,0,8
1893,200725,0,8
1894,200751,0,8
1895,200752,0,8
1896,200754,0,8
1897,200824,0,8
1898,200826,0,8
1899,200827,0,8
1900,200828,0,8
1901,200662,0,8
1902,200667,0,8
1903,200840,0,8
1904,200841,0,8
1905,148700,0,8
1906,148701,0,8
1907,210229,0,8
1908,200708,0,8
1909,209596,0,8
1910,209595,0,8
1911,200829,0,8
1912,199115,0,8
1913,200830,0,8
1914,200842,0,8
1915,200843,0,8
1916,200844,0,8
1917,141612,0,8
1918,209597,0,8
1919,200831,0,8
1920,200832,0,8
1921,200833,0,8
1922,200663,0,8
1923,200668,0,8
1924,209598,0,8
1925,209599,0,8
1926,199389,0,8
1927,199514,0,8
1928,199519,0,8
1929,200265,0,8
1930,144715,0,8
1931,200701,0,8
1932,200703,0,8
1933,200845,0,8
1934,200848,0,8
1935,149539,0,8
1936,149575,0,8
1937,149574,0,8
1938,149752,0,8
1939,210096,0,8
1940,200266,0,8
1941,200834,0,8
1942,200835,0,8
1943,200837,0,8
1944,148608,0,8
1945,150237,0,8
1946,200815,0,8
1947,200816,0,8
1948,200817,0,8
1949,200838,0,8
1950,200839,0,8
1951,200820,0,8
1952,200821,0,8
1953,200822,0,8
1954,200823,0,8
1955,152618,0,8
1956,152653,0,6
1957,151614,0,8
1958,151579,0,8
1959,165605,0,0
1960,152625,0,8
1961,152626,0,8
1962,152627,0,8
1963,144545,0,8
1964,152622,0,8
1965,150251,0,8
1966,152548,0,8
1967,145889,0,8
1968,150252,0,8
1969,152551,0,8
1970,152607,0,8
1971,152555,0,8
1972,152557,0,8
1973,152601,0,8
1974,152624,0,8
1975,149634,0,8
1976,151820,0,8
1977,152628,0,8
1978,152629,0,8
1979,150958,0,7
1980,150963,0,8
1981,150941,0,8
1982,152509,0,8
1983,151821,0,8
1984,152500,0,8
1985,152501,0,8
1986,152506,0,8
1987,152510,0,8
1988,152545,0,8
1989,200803,0,8
1990,200804,0,8
1991,150599,0,8
1992,200805,0,8
1993,200807,0,8
1994,200810,0,8
1995,200813,0,8
1996,200814,0,8
1997,152558,0,8
1998,210172,0,8
1999,210180,0,8
2000,209275,0,8
2001,210278,0,8
2002,210280,0,8
2003,209079,0,8
2004,209080,0,8
2005,207587,0,8
2006,207847,0,8
2007,208078,0,8
2008,208915,0,8
2009,208849,0,8
2010,210121,0,8
2011,208851,0,8
2012,208852,0,8
2013,208853,0,8
2014,208854,0,8
2015,208706,0,8
2016,208708,0,8
2017,210122,0,8
2018,210126,0,8
2019,208816,0,8
2020,209070,0,8
2021,208074,0,8
2022,198742,0,8
2023,210103,0,8
2024,208511,0,8
2025,210119,0,8
2026,210120,0,8
2027,209038,0,8
2028,209010,0,8
2029,209007,0,8
2030,208848,0,8
2031,208813,0,8
2032,208814,0,8
2033,209039,0,8
2034,209040,0,8
2035,209041,0,8
2036,209042,0,8
2037,202296,0,8
2038,202257,0,8
2039,202251,0,8
2040,208815,0,8
2041,199388,0,8
2042,200798,0,8
2043,208855,0,8
2044,208707,0,8
2045,210128,0,8
2046,202820,0,8
2047,210094,0,8
2048,210095,0,8
2049,208965,0,8
2050,208974,0,8
2051,201687,0,8
2052,201699,0,8
2053,210133,0,8
2054,210135,0,8
2055,201988,0,8
2056,201982,0,8
2057,210224,0,8
2058,208850,0,8
2059,209272,0,8
2060,208926,0,8
2061,207546,0,8
2062,203993,0,8
2063,209298,0,8
2064,203994,0,8
2065,148697,0,8
2066,209274,0,8
2067,210227,0,8
2068,210230,0,8
2069,209273,0,8
2070,209269,0,8
2071,207592,0,8
2072,209011,0,8
2073,208642,0,8
2074,210239,0,8
2075,209078,0,8
2076,208468,0,8
2077,208490,0,8
2078,208942,0,8
2079,208946,0,8
2080,151631,0,8
2081,151635,0,8
2082,153881,0,8
2083,153882,0,8
2084,208904,0,8
2085,208715,0,8
2086,153804,0,7
2087,153807,0,7
2088,164065,0,8
2089,153817,0,7
2090,155206,0,6
2091,215427,0,8
2092,187985,0,8
2093,187968,0,8
2094,215425,0,8
2095,208867,0,8
2096,154453,0,8
2097,154457,0,0
2098,154356,0,8
2099,153792,0,8
2100,154388,0,8
2101,208729,0,8
2102,154627,0,8
2103,154661,0,7
2104,154671,0,8
2105,200636,0,8
2106,200637,0,8
2107,200638,0,8
2108,196088,0,8
2109,154047,0,7
2110,154064,0,8
2111,154116,0,8
2112,151689,0,8
2113,154058,0,8
2114,154062,0,8
2115,154063,0,8
2116,157479,0,0
2117,158431,0,8
2118,158432,0,8
2119,153831,0,8
2120,159206,0,8
2121,159198,0,0
2122,158434,0,7
2123,153828,0,6
2124,158435,0,7
2125,158437,0,8
2126,158440,0,6
2127,158444,0,7
2128,158575,0,8
2129,158569,0,8
2130,158581,0,8
2131,157488,0,0
2132,158439,0,5
2133,153829,0,8
2134,158450,0,7
2135,153830,0,6
2136,159133,0,8
2137,160184,0,7
2138,158506,0,8
2139,158568,0,8
2140,159134,0,8
2141,160185,0,8
2142,192622,0,4
2143,159322,0,8
2144,163633,0,8
2145,153239,0,0
2146,159073,0,8
2147,153964,0,8
2148,153965,0,7
2149,153966,0,8
2150,153967,0,5
2151,153968,0,7
2152,153835,0,8
2153,159079,0,8
2154,159075,0,8
2155,157249,0,8
2156,158969,0,8
2157,153837,0,8
2158,153838,0,8
2159,153839,0,5
2160,153840,0,8
2161,153841,0,7
2162,157296,0,8
2163,153238,0,6
2164,158452,0,8
2165,157246,0,1
2166,153957,0,4
2167,153958,0,8
2168,153959,0,8
2169,153960,0,2
2170,153961,0,8
2171,153962,0,0
2172,153963,0,8
2173,153833,0,8
2174,153834,0,8
2175,157557,0,8
2176,156336,0,8
2177,158448,0,8
2178,157308,0,8
2179,157309,0,8
2180,153832,0,8
2181,159233,0,7
2182,155207,0,5
2183,154701,0,7
2184,154702,0,4
2185,153811,0,5
2186,153812,0,7
2187,153813,0,7
2188,159031,0,8
2189,153814,0,6
2190,153818,0,7
2191,153815,0,8
2192,154065,0,8
2193,158430,0,8
2194,154645,0,6
2195,154732,0,8
2196,154626,0,8
2197,154674,0,8
2198,158576,0,8
2199,154048,0,8
2200,154049,0,8
2201,154050,0,8
2202,157492,0,2
2203,152630,0,8
2204,158972,0,8
2205,159632,0,8
2206,150973,0,8
2207,150974,0,8
2208,158965,0,8
2209,158810,0,8
2210,159633,0,8
2211,153115,0,6
2212,153116,0,7
2213,152547,0,8
2214,153117,0,6
2215,153118,0,2
2216,208647,0,8
2217,153119,0,6
2218,153120,0,0
2219,160697,0,5
2220,149637,0,6
2221,149765,0,8
2222,149584,0,8
2223,155279,0,8
2224,159123,0,8
2225,149537,0,8
2226,155278,0,8
2227,149538,0,8
2228,159649,0,8
2229,156017,0,0
2230,156016,0,0
2231,156018,0,0
2232,156019,0,8
2233,149577,0,8
2234,156687,0,8
2235,159826,0,8
2236,161271,0,0
2237,153253,0,8
2238,161276,0,8
2239,156023,0,0
2240,156055,0,8
2241,156028,0,6
2242,156049,0,8
2243,156243,0,8
2244,156057,0,8
2245,156052,0,4
2246,160096,0,8
2247,161212,0,8
2248,161160,0,8
2249,161162,0,8
2250,160104,0,8
2251,160108,0,8
2252,160098,0,8
2253,160100,0,8
2254,157945,0,8
2255,159212,0,0
2256,158507,0,6
2257,160574,0,0
2258,154913,0,8
2259,159137,0,8
2260,159926,0,7
2261,149536,0,8
2262,149636,0,8
2263,162468,0,8
2264,162471,0,8
2265,160584,0,7
2266,159821,0,8
2267,160097,0,8
2268,160102,0,7
2269,160105,0,8
2270,160106,0,7
2271,149535,0,8
2272,154492,0,8
2273,154514,0,8
2274,156168,0,8
2275,155679,0,8
2276,156170,0,2
2277,156173,0,8
2278,156175,0,0
2279,155682,0,8
2280,161211,0,5
2281,161215,0,8
2282,161220,0,5
2283,161222,0,8
2284,161223,0,8
2285,161292,0,6
2286,161294,0,5
2287,156181,0,7
2288,156278,0,8
2289,155217,0,8
2290,153618,0,8
2291,155499,0,8
2292,167641,0,8
2293,167642,0,8
2294,162077,0,7
2295,162075,0,8
2296,162076,0,8
2297,161194,0,0
2298,161206,0,8
2299,161790,0,8
2300,198989,0,8
2301,154534,0,8
2302,154535,0,8
2303,155654,0,8
2304,156015,0,8
2305,156020,0,4
2306,155661,0,8
2307,155698,0,8
2308,156050,0,0
2309,156051,0,0
2310,156053,0,0
2311,156054,0,8
2312,156056,0,8
2313,156252,0,0
2314,154520,0,8
2315,156778,0,8
2316,156781,0,8
2317,156914,0,7
2318,156916,0,8
2319,156917,0,8
2320,149288,0,8
2321,156915,0,8
2322,154570,0,8
2323,154571,0,8
2324,154532,0,8
2325,155702,0,8
2326,155719,0,8
2327,155717,0,8
2328,155723,0,8
2329,156277,0,8
2330,162078,0,8
2331,161883,0,0
2332,161884,0,0
2333,161885,0,0
2334,167659,0,8
2335,159096,0,8
2336,152310,0,7
2337,166287,0,8
2338,165020,0,8
2339,165021,0,8
2340,166302,0,8
2341,150101,0,6
2342,159039,0,7
2343,166004,0,8
2344,162022,0,8
2345,166058,0,8
2346,157634,0,8
2347,159049,0,8
2348,164233,0,8
2349,162079,0,4
2350,161187,0,8
2351,159097,0,8
2352,161296,0,8
2353,161299,0,8
2354,161300,0,8
2355,161301,0,8
2356,167650,0,8
2357,167656,0,8
2358,161303,0,4
2359,161304,0,8
2360,161306,0,8
2361,161307,0,8
2362,161308,0,7
2363,161309,0,8
2364,152306,0,4
2365,152307,0,7
2366,152308,0,7
2367,161974,0,8
2368,161766,0,8
2369,162080,0,8
2370,161767,0,4
2371,167644,0,8
2372,167645,0,8
2373,161311,0,8
2374,161312,0,0
2375,161313,0,7
2376,167646,0,8
2377,167648,0,8
2378,167657,0,8
2379,152309,0,8
2380,159211,0,0
2381,157360,0,8
2382,153244,0,6
2383,158597,0,8
2384,161086,0,8
2385,160204,0,8
2386,160463,0,8
2387,160465,0,8
2388,158817,0,8
2389,159071,0,8
2390,160462,0,8
2391,158956,0,8
2392,156338,0,7
2393,160989,0,8
2394,160704,0,5
2395,159121,0,7
2396,159124,0,8
2397,160466,0,3
2398,160218,0,8
2399,160583,0,6
2400,159932,0,6
2401,160212,0,8
2402,160459,0,7
2403,158970,0,8
2404,156339,0,8
2405,156340,0,7
2406,156347,0,8
2407,160455,0,4
2408,153241,0,0
2409,156762,0,8
2410,159130,0,8
2411,153243,0,7
2412,156768,0,8
2413,159132,0,8
2414,157361,0,4
2415,153245,0,7
2416,156780,0,8
2417,158585,0,8
2418,149249,0,8
2419,156990,0,8
2420,156993,0,8
2421,153240,0,4
2422,159128,0,8
2423,159131,0,8
2424,158832,0,7
2425,153836,0,8
2426,166145,0,8
2427,167932,0,8
2428,171255,0,8
2429,171267,0,8
2430,171276,0,8
2431,171277,0,8
2432,171280,0,8
2433,167649,0,8
2434,167689,0,0
2435,166332,0,7
2436,167168,0,8
2437,166330,0,8
2438,167986,0,8
2439,167997,0,8
2440,166327,0,8
2441,168088,0,8
2442,166326,0,8
2443,167191,0,6
2444,166876,0,8
2445,166877,0,7
2446,166323,0,0
2447,167188,0,8
2448,166864,0,0
2449,167185,0,7
2450,166007,0,8
2451,168037,0,8
2452,166885,0,7
2453,167618,0,8
2454,168038,0,8
2455,166324,0,0
2456,168022,0,8
2457,167913,0,7
2458,168004,0,8
2459,168011,0,8
2460,167186,0,8
2461,168249,0,8
2462,167055,0,7
2463,167054,0,7
2464,167056,0,8
2465,167973,0,7
2466,167643,0,8
2467,167701,0,8
2468,167981,0,8
2469,166641,0,2
2470,168040,0,8
2471,167873,0,8
2472,171282,0,8
2473,165310,0,4
2474,167522,0,7
2475,166623,0,8
2476,166513,0,8
2477,167927,0,8
2478,166502,0,8
2479,167525,0,8
2480,167931,0,6
2481,166475,0,8
2482,166163,0,8
2483,166249,0,7
2484,167778,0,8
2485,166480,0,8
2486,168351,0,8
2487,166645,0,7
2488,166393,0,8
2489,166162,0,8
2490,171285,0,8
2491,171287,0,8
2492,168012,0,8
2493,168021,0,8
2494,165459,0,8
2495,163114,0,8
2496,162943,0,8
2497,162951,0,8
2498,162380,0,7
2499,202358,0,8
2500,163204,0,8
2501,163205,0,8
2502,163206,0,8
2503,157704,0,8
2504,162387,0,8
2505,162402,0,8
2506,162470,0,8
2507,157666,0,8
2508,157671,0,5
2509,157677,0,7
2510,157680,0,8
2511,157685,0,0
2512,164403,0,8
2513,159466,-1,-1
2514,159467,-1,-1
2515,159468,-1,-1
2516,157700,0,8
2517,157670,0,5
2518,157718,0,8
2519,157672,0,6
2520,157673,0,0
2521,164678,0,7
2522,164714,0,8
2523,159469,-1,-1
2524,164063,0,8
2525,164064,0,7
2526,162473,0,8
2527,164385,0,7
2528,164386,0,7
2529,157719,0,4
2530,157699,0,8
2531,163118,0,8
2532,164392,0,7
2533,164394,0,8
2534,164399,0,5
2535,161243,0,8
2536,162452,0,8
2537,162467,0,8
2538,164401,0,8
2539,164402,0,6
2540,157694,0,6
2541,157698,0,8
2542,162740,0,8
2543,162767,0,8
2544,162948,0,0
2545,163112,0,8
2546,163113,0,0
2547,162472,0,8
2548,164062,0,8
2549,162758,0,8
2550,158416,-1,-1
2551,161202,0,8
2552,159470,-1,-1
2553,163208,0,8
2554,163198,0,8
2555,163203,0,8
2556,157701,0,5
2557,157687,0,8
2558,157689,0,7
2559,157690,0,0
2560,159471,-1,-1
2561,159472,-1,-1
2562,159473,-1,-1
2563,157816,-1,-1
2564,161926,0,8
2565,168475,0,0
2566,168477,0,4
2567,161290,0,8
2568,168934,0,4
2569,163245,0,5
2570,157714,0,4
2571,166830,0,8
2572,166832,0,5
2573,166860,0,8
2574,168537,0,8
2575,166828,0,8
2576,166850,0,8
2577,166836,0,8
2578,168233,0,0
2579,168234,0,0
2580,167600,0,8
2581,168483,0,8
2582,167579,0,8
2583,168237,0,0
2584,157717,0,8
2585,161227,0,0
2586,162859,0,8
2587,162955,0,8
2588,162956,0,8
2589,161192,0,8
2590,166840,0,8
2591,168941,0,8
2592,168942,0,8
2593,163359,0,8
2594,157715,0,8
2595,161196,0,0
2596,161208,0,7
2597,161310,0,0
2598,167652,0,8
2599,166109,0,8
2600,166397,0,0
2601,168024,0,0
2602,167647,0,8
2603,167720,0,8
2604,162660,0,5
2605,168051,0,8
2606,167596,0,8
2607,167598,0,8
2608,168530,0,8
2609,169502,0,8
2610,169504,0,8
2611,164029,0,8
2612,164023,0,8
2613,166486,0,8
2614,166487,0,8
2615,165813,0,8
2616,159482,0,7
2617,166488,0,0
2618,166492,0,8
2619,166494,0,8
2620,178430,0,7
2621,166427,0,8
2622,168485,0,8
2623,168487,0,8
2624,167722,0,8
2625,167723,0,7
2626,165806,0,8
2627,165807,0,8
2628,165811,0,7
2629,182208,0,8
2630,168366,0,8
2631,162673,0,0
2632,162675,0,7
2633,162672,0,8
2634,168026,0,6
2635,165986,0,8
2636,162661,0,8
2637,168027,0,8
2638,168028,0,4
2639,168029,0,6
2640,162650,0,8
2641,162651,0,0
2642,166884,0,7
2643,162663,0,8
2644,162664,0,8
2645,162665,0,4
2646,162666,0,8
2647,162667,0,8
2648,162668,0,8
2649,162670,0,7
2650,162671,0,8
2651,167787,0,8
2652,162652,0,5
2653,162653,0,8
2654,162654,0,5
2655,162656,0,5
2656,162657,0,8
2657,162658,0,8
2658,162659,0,6
2659,168540,0,8
2660,168567,0,8
2661,168569,0,8
2662,159868,0,5
2663,166333,0,8
2664,167704,0,8
2665,167721,0,8
2666,167604,0,8
2667,167576,0,8
2668,167585,0,8
2669,166157,0,8
2670,169078,0,7
2671,166391,0,6
2672,167599,0,8
2673,168025,0,2
2674,168404,0,8
2675,166010,0,8
2676,228430,0,6
2677,166636,0,8
2678,168893,-1,-1
2679,166272,0,8
2680,167163,0,8
2681,165460,0,0
2682,165455,0,8
2683,165457,0,7
2684,166825,0,8
2685,166844,0,8
2686,167170,0,8
2687,165458,0,8
2688,165461,0,8
2689,165281,0,8
2690,165332,0,8
2691,167524,0,8
2692,165322,0,8
2693,165321,0,8
2694,165999,0,7
2695,176375,0,0
2696,166772,0,8
2697,165258,0,8
2698,165268,0,8
2699,165309,0,8
2700,165314,0,8
2701,165278,0,8
2702,165280,0,8
2703,167777,0,8
2704,166303,0,8
2705,166311,0,8
2706,166910,0,8
2707,166909,0,8
2708,166908,0,8
2709,165269,0,8
2710,165942,0,8
2711,165318,0,8
2712,165326,0,8
2713,166319,0,8
2714,164982,0,8
2715,164983,0,8
2716,166067,0,8
2717,166260,0,8
2718,167212,0,7
2719,166269,0,7
2720,166068,0,8
2721,166075,0,8
2722,166640,0,8
2723,166280,0,8
2724,166282,0,8
2725,166317,0,8
2726,166854,0,8
2727,166855,0,8
2728,166858,0,8
2729,166446,0,8
2730,166063,0,8
2731,165282,0,8
2732,167205,0,8
2733,167208,0,8
2734,167228,0,8
2735,167229,0,7
2736,165257,0,8
2737,159052,0,8
2738,166177,0,8
2739,158390,-1,-1
2740,158397,-1,-1
2741,167333,0,8
2742,165267,0,8
2743,165259,0,8
2744,165056,0,8
2745,159050,0,8
2746,159040,0,8
2747,159041,0,8
2748,165885,0,7
2749,166181,0,8
2750,166183,0,8
2751,166184,0,8
2752,166270,0,6
2753,165023,0,8
2754,165026,0,8
2755,165244,0,8
2756,166774,0,4
2757,164363,0,8
2758,166257,0,6
2759,164371,0,8
2760,164372,0,8
2761,167201,0,8
2762,167202,0,8
2763,166071,0,8
2764,165276,0,8
2765,166545,0,8
2766,167700,0,8
2767,167702,0,8
2768,165323,0,8
2769,166185,0,7
2770,166194,0,8
2771,166291,0,8
2772,174530,0,7
2773,162678,-1,-1
2774,172612,0,8
2775,168994,0,8
2776,171951,0,8
2777,176357,0,8
2778,169423,0,8
2779,174386,0,8
2780,172800,0,8
2781,172803,0,8
2782,175998,0,8
2783,159496,0,8
2784,159497,0,8
2785,159498,0,8
2786,175887,0,8
2787,170910,0,0
2788,176353,0,8
2789,176358,0,8
2790,163406,-1,-1
2791,174373,0,8
2792,174910,0,8
2793,174899,0,8
2794,174914,0,8
2795,174916,0,8
2796,172809,0,7
2797,176359,0,7
2798,175173,0,7
2799,172697,0,8
2800,163442,-1,-1
2801,171943,0,8
2802,171954,0,8
2803,170665,0,8
2804,176344,0,7
2805,175803,0,8
2806,174376,0,8
2807,174378,0,8
2808,174380,0,8
2809,173623,0,8
2810,173645,0,2
2811,173652,0,6
2812,173656,0,8
2813,173818,0,8
2814,173808,0,8
2815,173851,0,8
2816,175115,0,8
2817,171895,0,8
2818,169672,0,8
2819,175234,0,8
2820,176348,0,8
2821,176350,0,6
2822,168995,0,8
2823,173660,0,4
2824,176131,0,8
2825,168885,0,7
2826,175235,0,8
2827,175236,0,8
2828,175782,0,8
2829,174627,0,8
2830,159513,0,8
2831,174672,0,2
2832,176337,0,6
2833,176342,0,4
2834,176343,0,7
2835,176362,0,8
2836,159525,0,8
2837,159528,0,8
2838,159538,0,8
2839,172485,0,0
2840,172517,0,1
2841,163455,-1,-1
2842,163459,-1,-1
2843,163457,-1,-1
2844,175721,0,7
2845,176203,0,8
2846,175771,0,7
2847,174015,0,8
2848,168937,0,8
2849,168940,0,8
2850,168944,0,8
2851,168943,0,8
2852,172682,0,8
2853,174633,0,8
2854,175089,0,8
2855,175316,0,8
2856,175354,0,8
2857,166547,0,8
2858,173866,0,8
2859,175193,0,8
2860,175199,0,8
2861,175206,0,8
2862,175222,0,8
2863,175226,0,8
2864,158712,0,8
2865,159499,0,8
2866,159500,0,8
2867,159501,0,8
2868,174089,0,6
2869,174384,0,8
2870,174390,0,8
2871,174683,0,8
2872,175229,0,8
2873,175284,0,8
2874,175296,0,8
2875,175331,0,8
2876,193006,0,7
2877,176369,0,8
2878,176373,0,8
2879,174695,0,8
2880,174503,0,0
2881,175336,0,7
2882,175338,0,2
2883,175339,0,8
2884,172642,0,8
2885,171882,0,8
2886,172431,0,8
2887,171843,0,8
2888,171079,0,8
2889,169213,0,8
2890,174967,0,7
2891,175332,0,8
2892,175098,0,7
2893,171111,0,8
2894,169339,0,8
2895,169351,0,8
2896,171894,0,8
2897,172100,0,8
2898,172103,0,6
2899,172340,0,4
2900,171804,0,8
2901,175162,0,8
2902,173524,0,8
2903,163446,-1,-1
2904,176148,0,8
2905,171818,0,8
2906,175276,0,8
2907,172643,0,8
2908,176280,0,8
2909,170919,0,6
2910,170920,0,6
2911,176330,0,7
2912,174936,0,8
2913,174350,0,7
2914,158425,-1,-1
2915,171968,0,8
2916,175637,0,8
2917,175778,0,0
2918,176267,0,8
2919,176290,0,8
2920,174635,0,6
2921,170551,0,8
2922,176159,0,8
2923,176231,0,8
2924,176288,0,8
2925,172096,0,8
2926,171537,0,8
2927,161796,0,8
2928,185470,0,8
2929,174589,0,8
2930,172099,0,8
2931,172102,0,8
2932,179195,0,8
2933,175579,0,8
2934,169806,0,0
2935,189434,0,8
2936,177293,0,8
2937,177454,0,7
2938,172565,0,8
2939,173095,0,8
2940,172579,0,8
2941,172783,0,8
2942,172785,0,8
2943,172789,0,7
2944,172791,0,8
2945,172792,0,8
2946,172793,0,8
2947,169807,0,7
2948,163515,-1,-1
2949,163414,-1,-1
2950,175859,0,8
2951,172794,0,8
2952,177250,0,6
2953,177686,0,8
2954,177691,0,8
2955,183837,0,8
2956,163408,-1,-1
2957,169954,0,8
2958,169283,0,6
2959,169805,0,6
2960,171004,0,8
2961,177361,0,8
2962,164626,0,8
2963,177129,0,8
2964,177147,0,8
2965,177105,0,8
2966,177360,0,8
2967,168008,0,4
2968,176174,0,8
2969,177126,0,8
2970,177535,0,8
2971,176126,0,8
2972,176377,0,8
2973,176105,0,8
2974,176110,0,8
2975,176111,0,8
2976,176112,0,8
2977,161804,0,8
2978,161808,0,8
2979,177674,0,8
2980,179261,0,8
2981,176127,0,5
2982,162980,0,8
2983,165304,0,8
2984,176109,0,8
2985,165324,0,8
2986,176115,0,8
2987,172683,0,8
2988,177306,0,8
2989,177324,0,8
2990,164568,0,8
2991,174893,0,8
2992,165308,0,8
2993,165311,0,8
2994,165313,0,8
2995,165547,0,8
2996,165686,0,8
2997,169320,0,8
2998,169321,0,8
2999,174894,0,7
3000,174907,0,8
3001,177323,0,8
3002,192575,0,8
3003,179191,0,8
3004,169808,0,6
3005,170322,0,8
3006,171976,0,8
3007,171978,0,8
3008,171983,0,8
3009,169682,0,8
3010,175789,0,6
3011,175796,0,6
3012,175813,0,6
3013,175818,0,6
3014,176334,0,6
3015,176335,0,6
3016,164841,0,7
3017,164845,0,8
3018,170339,0,8
3019,176155,0,8
3020,159552,0,8
3021,159553,0,8
3022,159554,0,8
3023,176289,0,8
3024,176291,0,8
3025,174625,0,8
3026,175724,0,8
3027,175725,0,8
3028,170338,0,8
3029,176102,0,7
3030,176103,0,8
3031,168236,0,8
3032,168497,0,8
3033,174646,0,8
3034,174645,0,8
3035,176052,0,8
3036,171961,0,8
3037,172539,0,8
3038,168392,0,8
3039,158391,-1,-1
3040,159545,0,8
3041,175452,0,8
3042,175484,0,8
3043,168999,0,8
3044,175824,0,8
3045,175837,0,8
3046,175843,0,8
3047,175856,0,8
3048,175880,0,8
3049,173886,0,5
3050,173887,0,5
3051,173747,0,6
3052,171963,0,8
3053,171966,0,8
3054,161828,0,8
3055,172866,0,8
3056,160461,0,0
3057,172801,0,8
3058,175931,0,0
3059,165022,0,8
3060,165034,0,8
3061,165037,0,8
3062,175983,0,8
3063,174636,0,8
3064,176053,0,8
3065,176333,0,6
3066,171984,0,8
3067,171986,0,8
3068,159548,0,8
3069,159550,0,8
3070,175932,0,6
3071,175797,0,8
3072,175774,0,8
3073,175775,0,8
3074,170343,0,8
3075,176329,0,8
3076,176328,0,8
3077,193012,0,7
3078,174641,0,8
3079,176051,0,8
3080,176054,0,8
3081,176050,0,8
3082,166911,0,8
3083,159551,0,8
3084,170397,0,8
3085,170398,0,8
3086,176113,0,7
3087,176114,0,7
3088,172577,0,8
3089,172090,0,8
3090,172092,0,8
3091,172093,0,8
3092,176922,0,8
3093,176383,0,4
3094,165036,0,7
3095,177179,0,8
3096,177221,0,8
3097,192574,0,8
3098,161792,0,8
3099,172725,0,8
3100,169965,0,8
3101,169969,0,8
3102,177974,0,8
3103,169769,0,8
3104,171503,0,8
3105,158428,0,8
3106,169778,0,8
3107,169780,0,8
3108,170355,0,7
3109,170356,0,7
3110,177921,0,8
3111,179136,0,8
3112,169772,0,8
3113,169774,0,8
3114,169781,0,8
3115,170071,0,6
3116,170073,0,6
3117,170075,0,6
3118,173993,0,8
3119,170058,0,0
3120,170060,0,8
3121,170063,0,4
3122,172653,0,8
3123,172661,0,8
3124,171435,0,8
3125,178107,0,8
3126,170466,0,8
3127,170059,0,5
3128,170046,0,8
3129,170257,0,8
3130,170270,0,7
3131,170283,0,6
3132,169279,0,0
3133,169281,0,6
3134,168105,0,8
3135,170319,0,7
3136,170594,0,8
3137,171348,0,8
3138,173136,0,8
3139,171031,0,8
3140,177056,0,8
3141,177540,0,7
3142,177231,0,8
3143,177252,0,8
3144,171356,0,8
3145,171284,0,8
3146,171842,0,8
3147,169726,0,8
3148,169847,0,8
3149,177529,0,7
3150,178017,0,8
3151,173722,0,8
3152,177165,0,8
3153,177299,0,8
3154,177322,0,8
3155,172001,0,8
3156,169791,0,8
3157,169792,0,8
3158,192540,0,8
3159,169258,0,8
3160,169260,0,7
3161,171409,0,8
3162,175539,0,8
3163,177276,0,8
3164,171227,0,8
3165,176697,0,8
3166,176717,0,8
3167,177321,0,8
3168,176986,0,8
3169,176987,0,8
3170,174678,0,8
3171,176966,0,8
3172,176969,0,8
3173,176970,0,8
3174,177920,0,8
3175,175667,0,7
3176,178002,0,1
3177,176999,0,8
3178,177132,0,8
3179,157707,0,7
3180,157710,0,8
3181,163345,0,8
3182,163346,0,8
3183,158573,0,8
3184,169427,0,8
3185,172619,0,8
3186,174445,0,8
3187,171094,0,8
3188,171097,0,8
3189,169957,0,8
3190,173997,0,8
3191,173934,0,8
3192,175655,0,7
3193,175654,0,2
3194,172620,0,8
3195,173945,0,8
3196,174012,0,8
3197,173627,0,0
3198,171088,0,8
3199,171089,0,8
3200,171096,0,8
3201,171099,0,8
3202,174257,0,6
3203,174260,0,8
3204,174289,0,0
3205,174332,0,0
3206,174334,0,0
3207,173915,0,8
3208,173921,0,8
3209,173925,0,8
3210,173930,0,8
3211,173933,0,8
3212,173980,0,8
3213,172624,0,7
3214,173963,0,8
3215,174027,0,8
3216,174534,0,8
3217,171090,0,8
3218,171091,0,8
3219,169219,0,8
3220,174059,0,8
3221,175324,0,8
3222,174014,0,8
3223,174293,0,0
3224,174425,0,8
3225,171084,0,7
3226,171085,0,8
3227,173893,0,8
3228,173894,0,8
3229,175079,0,8
3230,174254,0,8
3231,174251,0,0
3232,174256,0,6
3233,174307,0,0
3234,174310,0,5
3235,170491,0,8
3236,171479,0,8
3237,172094,0,0
3238,171067,0,8
3239,171068,0,8
3240,174246,0,0
3241,174345,0,6
3242,174597,0,7
3243,174596,0,8
3244,170561,0,8
3245,173746,0,7
3246,171078,0,8
3247,174181,0,8
3248,173892,0,8
3249,174248,0,0
3250,174250,0,0
3251,174339,0,6
3252,175232,0,7
3253,174707,0,8
3254,174708,0,7
3255,174304,0,7
3256,174598,0,8
3257,174567,0,8
3258,175084,0,7
3259,169779,0,8
3260,174243,0,0
3261,174245,0,0
3262,174247,0,0
3263,175281,0,8
3264,174340,0,5
3265,174343,0,6
3266,174578,0,7
3267,174580,0,8
3268,174218,0,6
3269,169441,0,8
3270,174227,0,6
3271,174229,0,0
3272,174232,0,0
3273,174238,0,0
3274,175301,0,7
3275,174335,0,8
3276,174336,0,0
3277,174337,0,0
3278,171112,0,8
3279,174001,0,3
3280,174223,0,7
3281,174225,0,8
3282,174231,0,3
3283,174233,0,0
3284,174314,0,0
3285,174241,0,0
3286,174320,0,7
3287,174325,0,5
3288,175080,0,8
3289,175132,0,8
3290,175645,0,8
3291,167356,0,5
3292,171478,0,8
3293,174217,0,0
3294,174224,0,8
3295,174242,0,0
3296,174282,0,6
3297,174313,0,7
3298,174315,0,0
3299,174317,0,5
3300,175227,0,7
3301,174331,0,0
3302,172659,0,8
3303,172410,0,8
3304,174570,0,8
3305,174576,0,5
3306,171104,0,7
3307,171109,0,8
3308,171110,0,8
3309,160982,0,8
3310,169784,0,8
3311,174501,0,8
3312,157702,0,7
3313,156767,0,6
3314,162843,0,8
3315,157705,0,0
3316,156777,0,8
3317,156779,0,8
3318,157709,0,7
3319,162845,0,8
3320,163122,0,8
3321,163123,0,8
3322,164216,0,8
3323,173663,0,6
3324,174220,0,8
3325,159325,0,7
3326,157712,0,4
3327,164236,0,8
3328,163106,0,5
3329,157713,0,8
3330,156739,0,8
3331,156742,0,8
3332,156743,0,8
3333,157706,0,0
3334,162760,0,8
3335,173914,0,0
3336,173929,0,8
3337,172085,0,8
3338,179147,0,8
3339,179149,0,8
3340,184207,0,8
3341,169759,0,7
3342,169787,0,7
3343,169789,0,8
3344,183830,0,8
3345,181007,0,8
3346,176068,0,8
3347,176069,0,8
3348,173743,0,8
3349,180335,0,8
3350,180383,0,8
3351,180390,0,8
3352,180994,0,8
3353,182161,0,8
3354,176071,0,8
3355,176066,0,8
3356,176072,0,8
3357,176073,0,8
3358,180391,0,8
3359,182508,0,8
3360,182176,0,8
3361,182535,0,8
3362,183465,0,8
3363,184360,0,8
3364,179198,0,8
3365,176861,0,1
3366,183613,0,7
3367,172123,0,8
3368,180344,0,8
3369,180954,0,8
3370,179202,0,5
3371,179205,0,8
3372,184184,0,8
3373,184186,0,8
3374,181207,0,8
3375,181209,0,8
3376,181206,0,8
3377,180969,0,8
3378,183823,0,8
3379,184355,0,8
3380,183732,0,8
3381,183733,0,8
3382,182839,0,8
3383,183634,0,7
3384,182159,0,8
3385,176080,0,8
3386,176075,0,8
3387,176090,0,8
3388,176091,0,8
3389,181215,0,8
3390,180394,0,8
3391,184220,0,8
3392,183462,0,0
3393,183464,0,8
3394,183468,0,8
3395,176081,0,8
3396,176078,0,8
3397,176082,0,8
3398,176083,0,8
3399,172128,0,8
3400,169794,0,8
3401,169798,0,8
3402,180377,0,8
3403,181247,0,8
3404,184222,0,8
3405,184223,0,8
3406,184224,0,8
3407,184225,0,8
3408,183802,0,8
3409,176866,0,8
3410,180392,0,8
3411,176062,0,8
3412,176058,0,8
3413,179210,0,8
3414,179217,0,8
3415,181212,0,8
3416,181214,0,8
3417,181216,0,8
3418,178932,0,7
3419,180395,0,8
3420,180401,0,8
3421,180356,0,8
3422,180399,0,8
3423,176067,0,8
3424,172113,0,8
3425,172115,0,8
3426,172116,0,8
3427,176827,0,8
3428,184208,0,8
3429,184209,0,8
3430,184210,0,8
3431,165335,0,0
3432,165341,0,8
3433,179178,0,8
3434,176828,0,6
3435,184379,0,8
3436,176088,0,8
3437,176048,0,8
3438,176061,0,8
3439,176064,0,8
3440,180996,0,8
3441,176860,0,8
3442,185304,0,8
3443,182554,0,8
3444,184198,0,8
3445,184199,0,8
3446,184201,0,8
3447,184204,0,8
3448,184226,0,8
3449,184227,0,8
3450,183493,0,3
3451,172075,0,8
3452,172076,0,8
3453,172077,0,8
3454,184855,0,8
3455,172118,0,8
3456,184212,0,8
3457,172079,0,8
3458,184385,0,0
3459,184389,0,8
3460,184728,0,8
3461,163415,0,0
3462,172119,0,8
3463,172126,0,8
3464,176060,0,8
3465,184214,0,8
3466,184215,0,8
3467,184219,0,8
3468,181003,0,8
3469,181006,0,8
3470,181012,0,8
3471,176084,0,8
3472,176085,0,8
3473,184196,0,8
3474,181020,0,8
3475,181023,0,8
3476,181025,0,8
3477,176086,0,8
3478,169744,0,8
3479,180997,0,8
3480,180959,0,8
3481,180967,0,8
3482,185534,0,8
3483,185555,0,0
3484,181810,0,8
3485,185382,0,8
3486,181145,0,8
3487,179255,0,8
3488,185489,0,8
3489,185352,0,7
3490,184659,0,7
3491,183790,0,8
3492,183791,0,8
3493,185501,0,8
3494,177975,0,8
3495,168013,0,8
3496,181570,0,8
3497,181574,0,8
3498,181575,0,8
3499,181577,0,8
3500,181589,0,8
3501,183781,0,8
3502,181210,0,8
3503,168010,0,0
3504,168014,0,7
3505,179008,0,8
3506,183080,0,8
3507,183078,0,8
3508,183079,0,8
3509,182807,0,0
3510,182810,0,4
3511,184947,0,8
3512,179387,0,0
3513,183662,0,8
3514,182813,0,1
3515,182815,0,1
3516,184652,0,8
3517,185030,0,8
3518,185014,0,8
3519,185017,0,8
3520,183037,0,5
3521,183724,0,8
3522,182882,0,8
3523,182885,0,7
3524,178890,0,8
3525,178892,0,8
3526,171980,0,8
3527,174608,0,7
3528,185041,0,8
3529,183772,0,8
3530,185558,0,0
3531,179800,0,8
3532,185088,0,8
3533,197852,0,8
3534,185045,0,8
3535,185178,0,8
3536,182427,0,8
3537,179550,0,7
3538,184754,0,6
3539,184758,0,8
3540,183775,0,8
3541,186567,0,8
3542,185504,0,7
3543,185505,0,7
3544,177247,0,8
3545,185180,0,8
3546,185211,0,8
3547,173564,0,7
3548,176065,0,8
3549,185353,0,0
3550,185354,0,8
3551,183782,0,8
3552,183783,0,8
3553,183784,0,8
3554,183787,0,8
3555,183789,0,8
3556,181005,0,8
3557,178038,0,8
3558,178885,0,8
3559,184943,0,8
3560,183312,0,8
3561,183329,0,8
3562,183331,0,8
3563,185499,0,6
3564,185472,0,8
3565,178887,0,8
3566,184657,0,8
3567,184667,0,8
3568,181673,0,7
3569,181676,0,7
3570,181662,0,6
3571,181666,0,0
3572,179372,0,8
3573,185496,0,8
3574,168987,0,8
3575,176619,0,4
3576,185351,0,0
3577,176079,0,8
3578,184730,0,4
3579,182225,0,7
3580,182269,0,8
3581,182266,0,8
3582,181461,0,8
3583,181571,0,8
3584,180085,0,8
3585,179837,0,8
3586,170543,0,4
3587,179813,0,8
3588,176087,0,8
3589,183792,0,8
3590,183793,0,8
3591,178340,0,8
3592,182203,0,8
3593,178341,0,8
3594,178342,0,8
3595,178344,0,8
3596,179780,0,8
3597,178303,0,8
3598,182342,0,8
3599,182345,0,8
3600,182241,0,8
3601,182319,0,8
3602,182333,0,8
3603,180182,0,8
3604,180185,0,8
3605,179817,0,8
3606,179825,0,8
3607,182340,0,8
3608,178301,0,8
3609,178302,0,8
3610,177072,0,8
3611,179520,0,8
3612,179521,0,8
3613,180204,0,8
3614,180194,0,8
3615,177075,0,8
3616,179529,0,8
3617,179976,0,8
3618,178339,0,8
3619,178343,0,8
3620,178428,0,8
3621,176855,0,0
3622,178353,0,8
3623,179414,0,7
3624,181325,0,8
3625,179519,0,8
3626,178345,0,8
3627,180956,0,8
3628,180964,0,8
3629,172071,0,8
3630,176503,0,8
3631,183034,0,8
3632,176059,0,8
3633,177967,0,8
3634,172067,0,8
3635,172069,0,8
3636,172130,0,8
3637,180742,0,8
3638,182312,0,8
3639,182337,0,7
3640,179407,0,8
3641,179411,0,8
3642,179776,0,0
3643,179779,0,7
3644,172072,0,8
3645,172081,0,8
3646,165863,0,5
3647,180184,0,8
3648,184195,0,8
3649,179801,0,8
3650,177131,0,8
3651,182316,0,8
3652,182318,0,8
3653,184767,0,8
3654,179775,0,8
3655,181445,0,8
3656,168338,0,8
3657,168339,0,8
3658,180181,0,8
3659,183041,0,8
3660,183337,0,8
3661,196407,0,8
3662,172066,0,8
3663,180180,0,7
3664,176063,0,8
3665,169960,0,8
3666,170483,0,8
3667,169563,0,8
3668,173218,0,7
3669,171685,0,8
3670,171955,0,8
3671,169725,0,8
3672,169729,0,8
3673,172018,0,8
3674,172019,0,8
3675,172021,0,8
3676,172026,0,8
3677,165817,0,7
3678,165823,0,8
3679,166060,0,8
3680,170030,0,3
3681,168324,0,8
3682,168325,0,6
3683,158986,0,8
3684,167668,0,8
3685,167669,0,8
3686,169721,0,8
3687,171991,0,8
3688,172014,0,8
3689,169743,0,8
3690,176798,0,6
3691,183235,0,8
3692,170034,0,8
3693,170036,0,6
3694,170037,0,7
3695,169724,0,8
3696,169187,0,0
3697,165556,0,8
3698,165562,0,8
3699,165565,0,8
3700,165604,0,8
3701,183657,0,8
3702,162639,0,8
3703,165610,0,8
3704,170507,0,8
3705,162640,0,7
3706,162642,0,8
3707,170176,0,8
3708,170196,0,8
3709,172064,0,8
3710,172070,0,8
3711,172073,0,8
3712,169564,0,8
3713,169565,0,8
3714,169566,0,8
3715,170479,0,8
3716,162645,0,7
3717,170494,0,8
3718,170495,0,8
3719,171240,0,8
3720,171241,0,7
3721,172074,0,8
3722,173083,0,1
3723,166593,0,3
3724,169567,0,8
3725,169568,0,8
3726,169569,0,8
3727,169570,0,8
3728,169572,0,6
3729,170486,0,8
3730,170488,0,8
3731,166597,0,6
3732,170490,0,8
3733,170492,0,8
3734,169589,0,8
3735,169590,0,8
3736,169591,0,8
3737,169592,0,8
3738,169606,0,7
3739,170521,0,8
3740,169753,0,8
3741,179408,0,0
3742,171657,0,8
3743,169573,0,7
3744,169574,0,7
3745,173089,0,8
3746,166622,0,6
3747,166599,0,8
3748,169575,0,8
3749,169576,0,6
3750,169578,0,8
3751,169581,0,7
3752,169612,0,8
3753,169613,0,7
3754,163400,-1,-1
3755,169765,0,8
3756,158975,0,8
3757,158978,0,5
3758,173094,0,8
3759,173132,0,8
3760,173133,0,8
3761,169582,0,8
3762,169586,0,8
3763,169587,0,8
3764,159098,-1,-1
3765,171040,0,8
3766,171074,0,8
3767,158984,0,8
3768,169745,0,8
3769,168321,0,7
3770,168323,0,7
3771,170184,0,6
3772,170874,0,2
3773,158980,0,7
3774,158982,0,4
3775,159413,-1,-1
3776,171060,0,8
3777,158987,0,7
3778,158988,0,8
3779,170195,0,8
3780,166773,0,5
3781,171837,0,8
3782,172017,0,8
3783,169746,0,8
3784,169750,0,8
3785,165641,0,8
3786,165645,0,8
3787,183455,0,8
3788,169748,0,8
3789,169755,0,8
3790,169757,0,8
3791,172726,0,8
3792,171649,0,8
3793,171671,0,8
3794,169962,0,8
3795,169976,0,8
3796,173029,0,7
3797,172578,0,8
3798,172580,0,8
3799,172583,0,8
3800,182209,0,8
3801,182322,0,8
3802,172711,0,8
3803,172712,0,8
3804,172717,0,8
3805,170542,0,8
3806,170076,0,0
3807,173075,0,4
3808,162638,0,8
3809,162985,0,8
3810,162991,0,8
3811,162992,0,8
3812,162997,0,8
3813,162998,0,8
3814,172723,0,8
3815,170573,0,8
3816,170574,0,8
3817,169777,0,8
3818,169958,0,8
3819,169970,0,8
3820,169973,0,8
3821,169775,0,8
3822,169776,0,8
3823,170174,0,6
3824,170391,0,5
3825,170049,0,8
3826,170577,0,8
3827,158389,-1,-1
3828,169786,0,8
3829,169788,0,8
3830,169959,0,8
3831,172575,0,8
3832,172559,0,5
3833,169988,0,8
3834,170464,0,8
3835,170395,0,8
3836,170975,0,8
3837,182231,0,8
3838,182246,0,8
3839,170396,0,8
3840,170041,0,7
3841,172713,0,8
3842,172724,0,8
3843,170305,0,7
3844,170314,0,8
3845,170329,0,4
3846,162858,0,8
3847,163464,0,8
3848,172595,0,8
3849,172601,0,8
3850,182321,0,7
3851,170042,0,6
3852,170044,0,7
3853,172727,0,8
3854,170177,0,8
3855,170178,0,8
3856,164213,0,7
3857,183411,0,8
3858,183427,0,8
3859,183450,0,7
3860,184180,0,7
3861,185153,0,8
3862,185155,0,7
3863,186459,0,8
3864,174016,0,8
3865,183905,0,0
3866,190587,0,8
3867,189545,0,8
3868,190187,0,8
3869,190188,0,8
3870,190189,0,8
3871,190192,0,8
3872,182801,0,8
3873,190239,0,8
3874,190241,0,8
3875,190244,0,8
3876,190247,0,8
3877,189558,0,8
3878,189576,0,0
3879,189580,0,8
3880,190194,0,8
3881,190196,0,8
3882,190197,0,8
3883,181424,0,8
3884,181425,0,8
3885,182804,0,8
3886,182805,0,8
3887,182806,0,8
3888,190052,0,8
3889,190604,0,8
3890,190590,0,7
3891,190591,0,3
3892,189871,0,8
3893,190195,0,8
3894,189497,0,1
3895,182774,0,8
3896,182778,0,8
3897,184606,0,8
3898,184607,0,8
3899,184608,0,8
3900,184611,0,8
3901,181426,0,8
3902,176510,0,0
3903,190592,0,8
3904,190593,0,8
3905,187738,0,8
3906,187739,0,8
3907,189531,0,8
3908,189520,0,8
3909,189522,0,8
3910,190184,0,8
3911,184612,0,8
3912,187622,0,8
3913,182777,0,8
3914,191324,0,7
3915,172098,0,8
3916,191356,0,4
3917,190193,0,8
3918,190190,0,8
3919,189866,0,8
3920,189942,0,7
3921,191171,0,8
3922,189776,0,8
3923,189778,0,8
3924,189779,0,8
3925,190069,0,8
3926,172101,0,8
3927,190313,0,7
3928,190307,0,0
3929,190199,0,8
3930,190204,0,8
3931,190208,0,8
3932,166851,0,8
3933,189947,0,5
3934,189922,0,6
3935,190617,0,0
3936,189780,0,8
3937,189784,0,8
3938,191070,0,0
3939,190243,0,7
3940,191227,0,8
3941,189955,0,1
3942,189957,0,8
3943,189960,0,7
3944,190470,0,2
3945,191498,0,8
3946,188992,0,8
3947,187292,0,8
3948,190594,0,8
3949,190675,0,6
3950,190249,0,8
3951,178500,0,8
3952,178032,0,8
3953,191346,0,7
3954,188993,0,8
3955,190595,0,7
3956,190596,0,8
3957,190597,0,8
3958,190598,0,8
3959,190599,0,7
3960,190605,0,8
3961,190606,0,8
3962,191501,0,8
3963,191491,0,8
3964,191453,0,8
3965,176573,0,8
3966,189047,0,8
3967,189071,0,8
3968,189080,0,8
3969,183457,0,8
3970,184322,0,8
3971,184323,0,8
3972,184327,0,8
3973,183893,0,0
3974,184182,0,5
3975,184183,0,0
3976,183546,0,8
3977,185886,0,8
3978,179815,0,8
3979,184633,0,8
3980,184174,0,6
3981,173741,0,5
3982,184177,0,7
3983,184179,0,0
3984,165010,0,8
3985,183522,0,8
3986,183907,0,7
3987,186189,0,8
3988,189043,0,8
3989,175718,0,0
3990,181756,0,8
3991,168991,0,8
3992,195474,0,0
3993,183472,0,8
3994,184635,0,8
3995,180953,0,8
3996,184853,0,8
3997,184185,0,6
3998,184187,0,0
3999,186190,0,8
4000,190600,0,8
4001,190601,0,8
4002,190603,0,8
4003,181957,0,8
4004,187525,0,8
4005,191167,0,8
4006,190727,0,8
4007,190954,0,8
4008,177533,0,8
4009,188487,0,8
4010,188515,0,8
4011,188490,0,8
4012,188505,0,8
4013,188433,0,7
4014,190935,0,8
4015,176455,0,8
4016,169217,0,8
4017,169625,0,8
4018,193432,0,8
4019,185121,0,6
4020,185115,0,7
4021,176457,0,6
4022,176458,0,8
4023,176486,0,8
4024,193340,0,8
4025,173308,0,8
4026,193434,0,8
4027,193414,0,8
4028,187089,0,8
4029,180878,0,7
4030,188431,0,8
4031,193190,0,8
4032,176454,0,7
4033,173210,0,8
4034,193347,0,8
4035,192261,0,8
4036,170974,0,8
4037,189104,0,8
4038,188347,0,8
4039,172023,0,8
4040,172942,0,8
4041,193286,0,8
4042,168854,0,8
4043,173316,0,8
4044,170153,0,8
4045,170967,0,8
4046,189851,0,8
4047,171772,0,8
4048,171792,0,8
4049,172941,0,8
4050,169214,0,8
4051,168841,0,8
4052,168839,0,8
4053,192563,0,8
4054,192681,0,0
4055,192683,0,0
4056,176479,0,0
4057,192760,0,6
4058,192761,0,8
4059,193367,0,8
4060,192263,0,8
4061,171024,0,8
4062,192696,0,8
4063,191614,0,0
4064,228569,0,0
4065,194661,0,8
4066,194917,0,7
4067,195045,0,7
4068,193370,0,7
4069,195137,0,8
4070,194428,0,8
4071,171730,0,8
4072,170966,0,8
4073,176495,0,0
4074,176496,0,7
4075,228521,0,8
4076,189284,0,8
4077,189075,0,8
4078,194427,0,8
4079,174360,0,8
4080,175333,0,8
4081,174362,0,8
4082,171719,0,8
4083,172949,0,8
4084,192659,0,0
4085,192666,0,8
4086,192669,0,8
4087,176497,0,8
4088,192843,0,8
4089,189926,0,4
4090,191493,0,8
4091,185776,0,8
4092,187500,0,8
4093,192535,0,8
4094,192844,0,8
4095,193360,0,8
4096,192750,0,8
4097,187727,0,8
4098,192621,0,0
4099,175259,0,8
4100,176459,0,7
4101,176460,0,7
4102,176461,0,8
4103,185127,0,8
4104,188971,0,8
4105,188972,0,8
4106,188973,0,8
4107,184921,0,0
4108,185651,0,8
4109,185655,0,8
4110,185767,0,8
4111,185775,0,8
4112,191372,0,8
4113,190308,0,6
4114,189738,0,8
4115,189742,0,8
4116,189757,0,8
4117,188861,0,8
4118,189339,0,8
4119,184927,0,8
4120,188494,0,8
4121,188333,0,8
4122,187200,0,8
4123,188789,0,8
4124,191468,0,0
4125,188981,0,7
4126,189762,0,8
4127,189272,0,7
4128,190306,0,0
4129,188960,0,8
4130,188951,0,8
4131,188963,0,8
4132,184928,0,7
4133,190960,0,8
4134,186747,0,8
4135,188987,0,7
4136,188979,0,8
4137,188935,0,8
4138,190310,0,7
4139,190311,0,7
4140,188964,0,8
4141,188765,0,8
4142,188988,0,7
4143,189044,0,6
4144,190939,0,8
4145,188976,0,8
4146,184923,0,4
4147,189954,0,8
4148,189045,0,8
4149,189061,0,8
4150,189274,0,8
4151,190293,0,0
4152,189765,0,8
4153,184926,0,8
4154,184925,0,8
4155,187152,0,8
4156,190944,0,8
4157,190945,0,8
4158,190949,0,8
4159,188425,0,8
4160,188485,0,8
4161,191215,0,8
4162,188984,0,7
4163,188986,0,6
4164,187436,0,8
4165,187945,0,8
4166,192600,0,8
4167,181054,0,2
4168,194072,0,8
4169,194268,0,8
4170,193362,0,8
4171,193354,0,8
4172,193358,0,8
4173,193869,0,8
4174,193812,0,8
4175,193907,0,8
4176,191622,0,5
4177,191149,0,7
4178,193871,0,8
4179,193872,0,8
4180,193908,0,8
4181,194916,0,8
4182,193906,0,7
4183,191417,0,8
4184,191427,0,8
4185,195522,0,5
4186,191162,0,8
4187,171763,0,8
4188,193433,0,8
4189,193504,0,8
4190,180902,0,5
4191,194702,0,8
4192,194050,0,8
4193,194656,0,8
4194,195002,0,8
4195,193344,0,8
4196,193298,0,8
4197,193666,0,8
4198,180898,0,8
4199,193903,0,8
4200,193904,0,8
4201,193905,0,8
4202,194277,0,8
4203,191829,0,8
4204,192026,0,0
4205,192122,0,7
4206,192373,0,8
4207,193669,0,8
4208,193900,0,8
4209,194805,0,8
4210,194431,0,8
4211,188529,0,0
4212,191567,0,8
4213,192117,0,8
4214,180869,0,7
4215,193670,0,8
4216,193672,0,8
4217,193673,0,8
4218,195674,0,8
4219,180896,0,5
4220,166407,0,8
4221,194696,0,0
4222,194700,0,2
4223,194701,0,6
4224,195034,0,8
4225,192235,0,8
4226,192601,0,8
4227,193348,0,8
4228,193377,0,8
4229,182248,0,8
4230,182255,0,8
4231,193959,0,8
4232,193914,0,8
4233,190806,0,8
4234,192619,0,8
4235,192620,0,8
4236,159200,0,0
4237,193284,0,8
4238,193285,0,8
4239,159205,0,8
4240,182258,0,8
4241,186973,0,8
4242,191391,0,8
4243,194051,0,8
4244,194052,0,8
4245,176444,0,8
4246,192408,0,8
4247,194071,0,2
4248,191411,0,8
4249,191415,0,8
4250,191367,0,8
4251,191921,0,8
4252,188448,0,8
4253,173424,0,6
4254,193437,0,8
4255,177669,0,7
4256,191394,0,8
4257,187466,0,8
4258,180119,0,0
4259,173867,0,4
4260,182127,0,0
4261,192942,0,8
4262,171687,0,8
4263,170968,0,8
4264,193435,0,7
4265,191104,0,8
4266,176151,0,7
4267,192012,0,3
4268,192783,0,8
4269,192786,0,8
4270,192788,0,8
4271,192799,0,8
4272,193436,0,8
4273,191107,0,8
4274,188447,0,8
4275,176152,0,8
4276,193125,0,8
4277,192800,0,8
4278,192803,0,8
4279,191650,0,7
4280,189548,0,8
4281,189581,0,8
4282,187387,0,0
4283,187388,0,0
4284,192591,0,8
4285,192590,0,8
4286,192592,0,8
4287,182842,0,8
4288,181611,0,8
4289,167935,0,0
4290,171230,0,4
4291,184642,0,8
4292,178794,0,8
4293,186132,0,6
4294,184727,0,8
4295,184861,0,8
4296,186662,0,8
4297,186422,0,0
4298,186423,0,0
4299,184271,0,8
4300,184273,0,8
4301,186532,0,8
4302,178861,0,8
4303,187124,0,8
4304,186425,0,0
4305,186428,0,0
4306,185876,0,8
4307,186538,0,8
4308,186540,0,8
4309,178853,0,8
4310,178855,0,8
4311,186746,0,8
4312,186752,0,7
4313,183885,0,0
4314,168965,0,7
4315,185931,0,8
4316,175242,0,0
4317,186530,0,8
4318,178929,0,8
4319,188746,0,8
4320,168969,0,4
4321,181790,0,5
4322,181755,0,8
4323,185106,0,8
4324,185998,0,0
4325,186471,0,8
4326,178852,0,8
4327,178856,0,8
4328,183879,0,6
4329,181999,0,8
4330,184307,0,8
4331,184321,0,8
4332,184357,0,8
4333,184359,0,8
4334,184363,0,8
4335,185107,0,8
4336,185109,0,8
4337,185112,0,7
4338,186451,0,8
4339,186485,0,8
4340,186753,0,8
4341,179605,0,8
4342,179609,0,8
4343,168945,0,7
4344,184617,0,8
4345,184625,0,8
4346,184626,0,8
4347,186556,0,8
4348,186558,0,8
4349,186559,0,8
4350,186561,0,8
4351,186769,0,8
4352,176682,0,5
4353,186840,0,8
4354,184365,0,8
4355,184109,0,5
4356,186426,0,8
4357,186446,0,8
4358,186460,0,8
4359,186462,0,8
4360,186490,0,8
4361,185566,0,8
4362,183868,0,6
4363,181403,0,8
4364,188632,0,8
4365,168960,0,8
4366,184629,0,8
4367,184630,0,8
4368,184639,0,8
4369,186843,0,8
4370,178923,0,8
4371,178925,0,8
4372,183876,0,8
4373,184423,0,8
4374,184428,0,8
4375,184436,0,8
4376,184603,0,8
4377,186533,0,8
4378,176092,0,8
4379,171700,0,8
4380,171702,0,8
4381,171703,0,8
4382,171704,0,8
4383,171706,0,8
4384,171707,0,8
4385,185699,0,8
4386,185025,0,8
4387,179948,0,8
4388,176095,0,8
4389,172131,0,8
4390,182244,0,8
4391,184048,0,7
4392,181610,0,8
4393,177382,0,4
4394,180734,0,0
4395,180753,0,8
4396,179082,0,0
4397,181257,0,0
4398,177838,0,8
4399,177845,0,8
4400,176568,0,8
4401,186748,0,8
4402,180196,0,8
4403,180210,0,8
4404,180519,0,8
4405,174690,0,8
4406,181259,0,0
4407,177381,0,0
4408,184605,0,8
4409,184640,0,8
4410,186749,0,8
4411,186751,0,8
4412,176529,0,8
4413,173946,0,8
4414,176093,0,8
4415,176094,0,8
4416,172133,0,8
4417,172134,0,8
4418,184093,0,7
4419,180537,0,8
4420,172136,0,8
4421,172137,0,8
4422,186564,0,8
4423,187849,0,7
4424,186941,0,8
4425,187615,0,8
4426,187209,0,8
4427,186848,0,8
4428,189156,0,8
4429,189132,0,8
4430,189134,0,8
4431,189133,0,8
4432,188197,0,8
4433,161229,0,8
4434,189809,0,8
4435,189097,0,6
4436,189100,0,8
4437,182769,0,8
4438,182773,0,8
4439,188139,0,8
4440,188285,0,8
4441,188132,0,8
4442,188134,0,8
4443,189135,0,8
4444,188201,0,8
4445,189814,0,8
4446,187156,0,8
4447,189144,0,8
4448,189145,0,8
4449,189146,0,8
4450,189147,0,8
4451,198811,0,8
4452,198814,0,8
4453,198815,0,8
4454,188141,0,8
4455,188167,0,8
4456,182787,0,8
4457,189140,0,8
4458,196236,0,8
4459,186750,0,8
4460,187750,0,8
4461,187094,0,8
4462,187546,0,8
4463,189141,0,8
4464,189142,0,8
4465,189143,0,8
4466,215426,0,8
4467,182779,0,8
4468,198366,0,8
4469,198368,0,8
4470,197142,0,8
4471,186997,0,8
4472,186998,0,8
4473,187001,0,8
4474,187002,0,8
4475,189308,0,6
4476,191653,0,8
4477,189320,0,8
4478,164162,0,8
4479,198816,0,8
4480,197800,0,8
4481,188200,0,8
4482,181419,0,7
4483,186542,0,8
4484,197801,0,8
4485,196224,0,8
4486,163456,-1,-1
4487,188288,0,7
4488,170958,0,4
4489,188192,0,8
4490,188181,0,8
4491,186850,0,8
4492,186849,0,8
4493,189139,0,8
4494,186942,0,8
4495,185498,0,8
4496,198272,0,8
4497,196378,0,8
4498,196385,0,8
4499,192767,0,8
4500,192768,0,8
4501,196235,0,8
4502,189363,0,0
4503,189370,0,8
4504,189126,0,8
4505,187096,0,8
4506,189138,0,8
4507,189129,0,8
4508,189128,0,8
4509,189130,0,8
4510,182797,0,8
4511,186920,0,8
4512,186527,0,8
4513,186536,0,8
4514,186802,0,8
4515,186803,0,8
4516,187323,0,7
4517,197332,0,8
4518,193950,0,8
4519,196858,0,0
4520,196815,0,7
4521,181413,0,8
4522,188558,0,8
4523,188824,0,8
4524,171134,0,8
4525,198064,0,8
4526,187885,0,7
4527,188205,0,8
4528,175323,0,8
4529,175647,0,8
4530,188845,0,8
4531,188865,0,8
4532,188873,0,8
4533,182574,0,8
4534,187390,0,0
4535,189701,0,2
4536,188292,0,8
4537,187521,0,8
4538,187522,0,8
4539,187523,0,8
4540,189546,0,8
4541,197477,0,8
4542,186937,0,8
4543,188199,0,8
4544,186568,0,8
4545,189303,0,8
4546,189328,0,8
4547,189300,0,8
4548,189378,0,7
4549,182776,0,8
4550,188043,0,8
4551,182782,0,8
4552,186671,0,8
4553,189815,0,8
4554,189816,0,8
4555,188140,0,8
4556,188947,0,8
4557,188949,0,8
4558,189329,0,8
4559,189330,0,8
4560,189331,0,8
4561,189385,0,8
4562,189388,0,8
4563,188629,0,8
4564,188859,0,8
4565,186704,0,0
4566,186638,0,8
4567,187883,0,7
4568,187488,0,8
4569,189342,0,0
4570,189347,0,7
4571,189151,0,8
4572,189296,0,8
4573,189299,0,8
4574,189547,0,8
4575,187090,0,8
4576,197478,0,8
4577,189770,0,8
4578,189772,0,8
4579,189773,0,8
4580,188711,0,7
4581,189340,0,8
4582,189341,0,6
4583,189343,0,8
4584,189345,0,7
4585,189382,0,8
4586,189728,0,2
4587,195815,0,8
4588,195817,0,8
4589,195818,0,8
4590,197808,0,8
4591,197827,0,8
4592,197055,0,8
4593,197080,0,8
4594,197081,0,8
4595,197088,0,8
4596,197090,0,8
4597,197096,0,8
4598,197107,0,8
4599,196433,0,8
4600,196563,0,8
4601,198000,0,8
4602,198007,0,8
4603,198042,0,8
4604,196414,0,8
4605,196413,0,8
4606,196415,0,8
4607,178361,0,8
4608,197963,0,8
4609,192518,0,8
4610,197928,0,8
4611,198312,0,8
4612,198230,0,8
4613,198288,0,8
4614,198289,0,8
4615,196640,0,8
4616,197999,0,8
4617,198006,0,8
4618,198010,0,8
4619,196405,0,8
4620,197629,0,8
4621,197631,0,8
4622,197638,0,8
4623,196786,0,8
4624,192558,0,7
4625,187611,0,6
4626,197098,0,4
4627,197100,0,8
4628,196446,0,8
4629,198081,0,8
4630,196438,0,8
4631,191776,0,0
4632,198072,0,8
4633,196877,0,8
4634,196795,0,8
4635,196617,0,8
4636,196616,0,8
4637,197567,0,8
4638,192050,0,8
4639,197843,0,8
4640,196619,0,8
4641,196620,0,8
4642,196621,0,8
4643,198122,0,8
4644,198124,0,8
4645,198125,0,8
4646,198119,0,8
4647,198130,0,8
4648,196493,0,8
4649,196494,0,8
4650,196927,0,8
4651,196929,0,8
4652,196930,0,8
4653,199870,0,8
4654,199871,0,8
4655,198082,0,8
4656,198084,0,8
4657,198131,0,8
4658,198135,0,8
4659,198796,0,8
4660,198797,0,8
4661,197887,0,8
4662,198353,0,8
4663,198354,0,8
4664,196469,0,8
4665,197706,0,8
4666,197707,0,8
4667,198359,0,8
4668,198360,0,8
4669,197574,0,8
4670,197580,0,8
4671,198375,0,8
4672,169598,0,0
4673,197643,0,8
4674,197625,0,8
4675,196623,0,8
4676,196624,0,8
4677,196625,0,8
4678,196626,0,8
4679,196628,0,8
4680,197511,0,8
4681,197085,0,8
4682,196932,0,8
4683,196923,0,8
4684,198073,0,8
4685,198075,0,8
4686,198076,0,8
4687,198077,0,8
4688,199872,0,8
4689,199875,0,8
4690,199877,0,8
4691,199879,0,8
4692,198729,0,8
4693,199085,0,8
4694,198279,0,8
4695,192394,0,8
4696,198355,0,8
4697,198356,0,8
4698,198357,0,8
4699,198358,0,8
4700,197702,0,8
4701,195896,0,6
4702,195898,0,7
4703,197708,0,8
4704,198215,0,8
4705,198216,0,8
4706,197339,0,8
4707,197340,0,8
4708,197333,0,8
4709,196548,0,8
4710,196549,0,8
4711,196550,0,8
4712,197590,0,8
4713,262539,0,8
4714,262541,0,8
4715,195856,0,8
4716,195857,0,8
4717,196234,0,8
4718,195860,0,7
4719,197621,0,8
4720,199866,0,8
4721,199869,0,8
4722,197851,0,8
4723,198080,0,8
4724,198297,0,8
4725,198298,0,8
4726,198730,0,8
4727,198732,0,8
4728,198760,0,8
4729,198282,0,8
4730,196481,0,8
4731,194030,0,8
4732,197342,0,8
4733,197343,0,8
4734,197344,0,8
4735,196483,0,8
4736,197841,0,8
4737,196418,0,8
4738,196618,0,8
4739,192546,0,8
4740,192550,0,8
4741,192555,0,8
4742,192557,0,8
4743,198070,0,8
4744,197074,0,8
4745,196488,0,8
4746,196489,0,8
4747,196490,0,8
4748,196491,0,8
4749,196492,0,8
4750,198727,0,8
4751,198728,0,8
4752,197835,0,8
4753,197836,0,8
4754,197837,0,8
4755,197005,0,8
4756,197910,0,8
4757,192541,0,8
4758,198067,0,8
4759,192559,0,8
4760,192560,0,8
4761,195827,0,8
4762,195828,0,8
4763,195829,0,8
4764,195830,0,8
4765,195855,0,8
4766,198277,0,8
4767,197831,0,8
4768,197833,0,8
4769,189040,0,8
4770,197290,0,8
4771,197293,0,8
4772,198058,0,8
4773,198059,0,8
4774,198060,0,8
4775,198062,0,8
4776,198063,0,8
4777,198065,0,8
4778,192543,0,8
4779,198068,0,8
4780,198069,0,8
4781,198061,0,8
4782,198032,0,8
4783,198055,0,8
4784,197842,0,8
4785,197847,0,8
4786,197844,0,8
4787,196291,0,8
4788,196293,0,8
4789,196295,0,8
4790,196298,0,8
4791,197834,0,8
4792,196987,0,5
4793,196996,0,8
4794,192556,0,8
4795,197294,0,8
4796,198159,0,8
4797,198160,0,8
4798,192384,0,8
4799,192385,0,8
4800,192387,0,8
4801,192392,0,8
4802,198066,0,8
4803,198074,0,8
4804,198078,0,8
4805,197059,0,7
4806,197060,0,8
4807,197061,0,3
4808,195735,0,8
4809,195819,0,8
4810,195825,0,8
4811,197608,0,8
4812,195809,0,8
4813,198322,0,8
4814,197849,0,8
4815,196789,0,8
4816,196790,0,8
4817,196765,0,8
4818,196766,0,8
4819,196767,0,8
4820,196768,0,8
4821,196760,0,8
4822,192381,0,8
4823,192382,0,8
4824,198148,0,8
4825,199880,0,8
4826,199882,0,8
4827,201336,0,8
4828,201337,0,8
4829,195852,0,8
4830,198207,0,8
4831,178372,0,8
4832,195816,0,8
4833,195734,0,8
4834,197423,0,8
4835,197424,0,8
4836,197640,0,8
4837,197670,0,8
4838,198283,0,8
4839,198473,0,8
4840,197428,0,8
4841,196461,0,8
4842,201338,0,8
4843,201339,0,8
4844,198761,0,8
4845,198795,0,8
4846,196792,0,8
4847,196787,0,8
4848,197671,0,8
4849,197840,0,8
4850,198475,0,8
4851,196631,0,8
4852,198141,0,7
4853,198144,0,8
4854,198145,0,8
4855,198146,0,8
4856,196460,0,8
4857,196560,0,8
4858,196568,0,8
4859,196570,0,8
4860,196572,0,8
4861,198284,0,8
4862,198134,0,8
4863,188812,0,8
4864,188826,0,8
4865,198016,0,8
4866,198020,0,8
4867,198029,0,8
4868,198002,0,8
4869,196194,0,8
4870,195635,0,7
4871,197929,0,8
4872,198259,0,8
4873,197917,0,8
4874,198291,0,8
4875,198293,0,8
4876,198294,0,8
4877,196472,0,8
4878,178366,0,8
4879,178367,0,8
4880,195590,0,8
4881,197634,0,8
4882,197635,0,8
4883,197637,0,8
4884,197642,0,8
4885,197705,0,8
4886,196187,0,8
4887,198001,0,8
4888,192402,0,8
4889,198150,0,8
4890,197583,0,8
4891,196409,0,8
4892,192769,0,8
4893,197932,0,8
4894,198262,0,8
4895,198223,0,8
4896,196434,0,8
4897,196435,0,8
4898,198021,0,8
4899,198026,0,8
4900,198027,0,8
4901,198028,0,8
4902,196484,0,8
4903,194574,0,8
4904,194577,0,8
4905,194591,0,8
4906,194602,0,8
4907,180572,0,8
4908,192529,0,8
4909,198227,0,8
4910,196347,0,8
4911,197115,0,8
4912,197116,0,8
4913,197120,0,8
4914,196205,0,8
4915,188821,0,8
4916,192403,0,8
4917,196406,0,8
4918,196412,0,8
4919,198824,0,8
4920,198860,0,8
4921,179940,0,8
4922,198044,0,6
4923,198224,0,8
4924,198225,0,8
4925,198226,0,8
4926,198228,0,8
4927,198229,0,8
4928,196054,0,8
4929,196853,0,8
4930,197992,0,8
4931,198005,0,8
4932,197627,0,8
4933,197633,0,8
4934,192519,0,7
4935,192520,0,7
4936,198316,0,7
4937,197390,0,8
4938,192530,0,8
4939,190182,0,8
4940,197904,0,8
4941,197570,0,8
4942,197054,0,8
4943,198311,0,8
4944,188834,0,8
4945,197979,0,8
4946,198004,0,8
4947,195820,0,7
4948,198861,0,8
4949,197829,0,8
4950,196928,0,8
4951,196559,0,8
4952,198046,0,6
4953,198048,0,8
4954,198049,0,0
4955,198050,0,7
4956,196419,0,8
4957,196425,0,8
4958,198315,0,8
4959,198318,0,8
4960,198346,0,8
4961,196641,0,8
4962,196808,0,8
4963,198041,0,8
4964,198043,0,8
4965,198045,0,8
4966,198047,0,8
4967,198314,0,8
4968,196381,0,8
4969,196383,0,8
4970,198267,0,8
4971,198817,0,8
4972,198818,0,8
4973,195859,0,8
4974,195264,0,8
4975,197830,0,8
4976,197832,0,8
4977,197895,0,8
4978,198149,0,8
4979,198217,0,8
4980,198219,0,8
4981,192770,0,8
4982,192773,0,8
4983,192771,0,8
4984,197860,0,8
4985,197959,0,8
4986,197985,0,8
4987,196479,0,8
4988,180628,0,8
4989,198030,0,8
4990,198347,0,8
4991,198349,0,8
4992,198350,0,8
4993,198351,0,8
4994,198352,0,8
4995,196867,0,8
4996,198051,0,8
4997,198056,0,8
4998,198057,0,8
4999,198819,0,8
5000,198820,0,8